,MII.oocyte,PN5.zygote,Early.2.cell,Late.2.cell,4.cell,8.cell,E35ICM,E35TE,fc
Id2,0.94963279,1.975303681,4.230472033,4.934686331,4.073863068,0.9865653,4.6347384599158,10.0763346185363,5.4415961586205
Ank,1.438058594,1.772780912,1.34395921,1.328600973,0.821182014,0.182586793,1.75442576586864,6.51490810970199,4.76048234383335
Fam213b,0.167870424,0,0.22709412,1.065689487,0.77663716,2.574772429,2.78185906188932,7.35215821869146,4.57029915680214
Slc22a5,3.195358623,2.908272997,2.384348265,2.720471104,2.573258175,0.398136906,2.25843148599853,6.70853213908981,4.45010065309128
Efhd2,0,0,0.244712951,0.531571603,0.471600566,0.935765227,1.36026874926913,5.79002912969698,4.42976038042785
Lurap1l,6.750887835,5.800964593,5.397340924,2.986756777,0.47996621,0.043930984,1.44439673495078,5.80898476172502,4.36458802677424
Lgals1,0,0.183923465,2.864526902,4.833714899,4.122291704,2.933942706,5.68141553081983,10.0265372746207,4.34512174380087
Msn,0.369171633,0.106435562,0.097384936,1.429814112,0.664185168,1.277865757,2.98648921184993,7.2687338010779,4.28224458922797
B3gnt5,0,0,0.009297577,0,0,0.028977009,1.73192612512912,5.76897031325115,4.03704418812203
Fabp3,0,0,0,0.084451291,2.180303837,3.666995128,7.46167588600258,11.4812545348451,4.01957864884252
Lrrfip1,7.4059158,7.043913141,6.990251489,6.224794697,3.356788934,1.000526488,1.96123806431038,5.95492910640668,3.9936910420963
Slc44a4,1.370677644,2.305847982,1.685747328,2.284925681,2.668364244,1.872013136,1.6562309177042,5.50409914850206,3.84786823079786
Krt18,0,0.086341381,1.137503524,1.44769556,0.255278345,3.071095045,6.44352708889349,10.2343624015939,3.79083531270041
Rragd,0.190039564,0.31339679,0.20940096,0.98153486,0.96437793,4.034242132,1.96063403005248,5.53992494243331,3.57929091238083
Sh3d21,0.358439025,0.795845064,0.973454049,1.269601732,1.261741412,3.014042794,1.05457762073349,4.60903390719617,3.55445628646268
S100a11,1.09888439,0.41501658,0.955306851,1.634388814,0.811020478,3.145988783,5.67071289370126,9.18776032534892,3.51704743164766
Fmnl2,0.680021832,0.549687897,0.470807548,0.743147839,0.796709046,0.246391061,1.09717252829885,4.56361576562977,3.46644323733092
Tmem171,6.508403297,5.634134367,5.438978102,4.287435356,0.535837972,0,0.790142284969004,4.23474655174432,3.44460426677532
Stard10,0.181834052,0.748630396,0.280300718,0.395808639,1.191436315,3.384967091,3.69623869426178,7.10017873175224,3.40394003749046
Wnt7b,0.028218054,0.031466059,0.099647468,0,0.303108551,0.189451386,0.652620490111467,4.05254631512191,3.39992582501044
Krt8,0.111623364,0.239063146,0.791238128,0.038182318,0.805246223,1.206149323,5.99176218075067,9.35145607307303,3.35969389232236
Bmyc,0.151621162,0.170730121,1.337808125,0.928419596,2.294191368,3.361417467,4.21559318156359,7.52040653280859,3.304813351245
Wipf1,0,0,0.074411583,0.730444323,1.885937433,1.406384284,0.503803608553337,3.73605280085152,3.23224919229818
Ppp1r3b,0.148591851,0.096473721,0.395478543,1.566206293,2.45473654,2.447335862,1.70818723602071,4.93129538704495,3.22310815102424
Neu1,0,0.205015837,0.328067818,2.562984801,3.6486265,3.079982201,2.00390081846991,5.18495466416633,3.18105384569642
Hsbp1l1,0,0,0,1.338612673,0.956127298,1.691498432,0.525626918642992,3.69766263347052,3.17203571482753
Gm12169,0,0,0,0,0,1.055244252,2.94665601020692,6.10653258137267,3.15987657116575
Gnai2,4.902874318,4.176131252,3.769486134,4.340028102,4.132066792,4.262373019,3.53860024039412,6.66043808469339,3.12183784429927
Lcp1,1.706159194,3.243385754,2.268973282,1.331963125,0.825260546,0.935648323,4.93809756107409,7.94693550810228,3.00883794702819
Ggta1,6.650274867,5.335772641,4.589080322,3.389455301,1.958371287,0.710893034,1.9897021662835,4.99375133965827,3.00404917337477
Smpdl3a,0.057411869,0.184521517,0.026354897,0.250363762,2.215520187,6.202668467,4.11635643854603,7.09589278160248,2.97953634305645
Crip1,0,0,0.24152782,3.897550233,1.87034499,6.094107252,3.39948558073425,6.33889679688764,2.93941121615339
Hs3st3b1,0.04539474,0.117852201,0.451548218,0.525568791,0.072812668,0.419317751,0.782388434158448,3.71560787752938,2.93321944337093
Tcfl5,0.215452469,0.146195102,0.212271743,2.633273098,1.667887585,1.443123904,0.45363557117323,3.26585542093991,2.81221984976668
Pak6,0,0.028788651,0.080236458,0,0.018016232,1.045715547,0.29792387898423,3.07719513621774,2.77927125723351
2610528J11Rik,0.47574588,0.91357994,1.02137312,2.331160592,1.175128544,3.193268683,4.7471886528418,7.51877902950395,2.77159037666215
Ugp2,1.935614381,2.571686517,2.141017449,2.072771242,1.314052607,3.129437995,4.49691607650696,7.24346915820045,2.74655308169349
Pla2g15,3.728649784,4.048750595,3.671814189,4.607413174,5.898450233,6.620747678,2.57214994605962,5.31261435309161,2.74046440703199
Psap,3.847465817,2.575181611,1.687392201,4.579029256,5.943220432,7.798633802,6.81061019177712,9.5250156795346,2.71440548775748
Smpd1,3.095899109,4.321949735,3.466862004,4.356510073,5.976879119,5.805501415,5.05820391595512,7.76101926524048,2.70281534928536
Rnf208,0,0,0.110862187,0.257984561,0.270563626,0.547481417,0.544600124645418,3.23389879447245,2.68929866982703
Epcam,0.463015539,0.429207801,0.713562975,5.979764714,6.065602468,5.007711298,6.13663436611179,8.80047932213062,2.66384495601883
Stx3,0.290188457,0.293986044,0.371079278,1.661927418,1.775876509,1.832683466,2.31733590919323,4.96617664435471,2.64884073516148
Cdx2,0,0,0.308380681,0.544981861,0.215116939,1.237539245,1.38617083268985,4.01998651177856,2.63381567908871
Tead2,1.416374979,1.414108465,1.678468592,2.248055072,1.249663777,0.932922146,2.10731292072363,4.69237697964388,2.58506405892025
E2f8,0.988994367,1.110363243,1.715577129,1.559139356,0.997596633,0.947200829,1.56367555257742,4.13450025002982,2.5708246974524
Trpm6,1.683682982,1.287005309,0.814353539,0.279447523,0.048182607,0,0.280628553284592,2.80423533039608,2.52360677711149
Tfeb,0,0,0.038500238,1.600336367,2.872480107,5.544884088,1.83988704792641,4.36207707435258,2.52219002642617
Vasp,1.419204471,1.21464085,1.671479076,1.924274747,2.057911168,2.336994561,2.67667136048786,5.17920050301719,2.50252914252933
Zfp947,2.221527576,2.143752578,1.886054532,2.106003184,3.9360254,2.689703953,1.40811944653505,3.85926392563462,2.45114447909957
Cpne8,0,0.063253176,0.145725707,2.784838968,1.275072623,2.599870007,3.59187087006333,6.02425096512931,2.43238009506598
Naga,0.104450192,0,0.477068003,1.137988712,0.584704716,1.03215728,3.01408386936933,5.43963311006902,2.42554924069969
Otud1,1.188179344,0.980456764,1.547430086,2.064182713,2.155856071,1.52528714,2.19164160514275,4.60589726502141,2.41425565987866
Vtcn1,0,0,0.066716364,0.252030469,0,0.550584517,0.0982426126174451,2.50439157680769,2.40614896419025
Gab2,3.209911836,3.04694325,2.538888242,1.14527964,0.484448554,0.074281548,0.268046268983398,2.6543347136535,2.3862884446701
Kank1,1.551112376,1.438447228,1.100802765,1.802164259,1.124804543,1.008386489,0.732538390616183,3.09821067123422,2.36567228061804
Tmsb10,2.4162939,4.718125953,4.77952764,6.419870875,6.467801156,7.081019997,8.24438286477296,10.6076354669643,2.36325260219134
Csrp1,2.271778239,2.635234324,2.666308946,1.263340946,1.183232413,4.816702094,3.45444045077339,5.81500151556053,2.36056106478714
B4galt5,1.176424907,1.953216807,1.65986064,1.300832448,0.572128112,0.092532752,0.552398713817562,2.90077601795496,2.3483773041374
Hk2,0.432799099,0.488547914,0.87810066,0.672968372,0.265928913,1.147456497,2.7121401205893,5.05014032543116,2.33800020484186
Marcksl1,0.456186893,0.723906252,1.813405657,4.637598655,4.570238251,6.818825003,4.87405920314115,7.12816965127429,2.25411044813314
Akt1,4.133160712,3.638884763,3.623258199,3.870808557,2.686009647,2.557623299,1.54526167073575,3.77983752327645,2.2345758525407
Cmip,0.819425398,0.434281806,0.647200287,0.136625836,0.322080435,1.003854057,1.30593551077093,3.52843379372474,2.22249828295381
Abhd12,4.41712339,4.603210908,5.27693953,4.660968537,3.763581543,2.25852797,3.31161645732254,5.51812908782205,2.20651263049951
Ccdc42,3.402984064,3.617721636,3.842596743,2.829354373,1.454117974,0.167953896,1.58590955954771,3.78983356394882,2.20392400440111
Crip2,2.204028002,2.972562162,3.208624943,2.871408015,1.340431238,7.041253936,5.47159068217798,7.65928239338433,2.18769171120635
Tagln2,0,0.170442996,0.492279814,4.560329777,2.824132398,6.857545634,6.94161107197369,9.10160280621703,2.15999173424334
Zbtb7b,0.497685935,0.603793198,0.900712655,0.745732992,0.784756066,2.165008264,0.572528828303425,2.73005080308557,2.15752197478214
Isoc1,1.627723556,1.354728599,1.736011657,1.520909979,0.726513004,1.303722309,2.06317847200827,4.21003812347289,2.14685965146462
Arhgap8,0.20009877,0.96046871,1.971206924,4.242488183,4.045285692,2.109654752,2.91457217702823,5.05995223877334,2.14538006174511
Capns1,0.715169426,1.864536807,1.897449553,2.364634061,1.770241279,2.153727526,3.91176826794268,6.03185611099625,2.12008784305357
Mt1,0,0.883053792,3.41400425,9.576280258,10.78897113,11.24678809,7.5187947629606,9.60195273847031,2.08315797550971
Atp11a,3.609932216,2.998478959,2.649003765,3.061881588,2.231192759,0.477002703,0.329996127000284,2.40593791732632,2.07594179032604
Paqr4,4.182382434,3.974832137,4.561998138,2.38008663,1.395282204,2.865047789,0.61253839743618,2.6853414234868,2.07280302605062
Slc16a13,3.230050803,3.790605243,3.292636,1.423384544,0.464655722,1.877206329,1.10378631768071,3.17309064588753,2.06930432820682
Dok1,0,0,0,0,0,0.157101934,0.0505777569014792,2.11589553832819,2.06531778142671
Hectd1,3.509252452,1.798826105,1.007044764,3.050426818,3.948152272,2.511020132,2.2870496494585,4.34750267073953,2.06045302128103
Akt3,3.839435609,3.818390444,3.679829119,3.970660423,1.93964409,0.561769937,0.534994867659854,2.5951789937196,2.06018412605975
Mycn,0,0.082759669,0.467731263,1.874840236,1.748242236,0.271165083,2.48724708086584,4.52728306979006,2.04003598892422
Pdxp,1.564875648,1.56222044,1.676885703,3.451125372,1.941891314,0.411702826,0.790584391911233,2.82567981238249,2.03509542047126
Slco2a1,0,0,0.052122317,0,0,0.441432485,0.949115042993556,2.97465412039657,2.02553907740301
Tjp3,0.032768914,0.03655355,0.073149927,1.227765716,0.581519009,0.277816968,1.56840185442801,3.59092532317662,2.02252346874861
Socs1,3.311386858,1.582006759,4.887564262,4.627700213,4.326868072,2.684544981,0.844539114488229,2.8574874095024,2.01294829501417
Frrs1l,0.822833733,0.848609922,0.923351543,0.851263315,0,0.522727712,0.877463142387355,2.88835165928171,2.01088851689436
Mt2,0,0.846595209,3.693275068,9.668915114,11.17255252,11.16600612,7.23949351536636,9.23784092713332,1.99834741176696
Ap2a2,0.371856571,0.930297556,0.990911307,2.38122799,2.376543222,3.673386818,3.94589793583851,5.94270216078187,1.99680422494336
Cgn,4.486122245,4.573283628,4.082813273,3.484615083,1.946536242,2.813758621,3.21539593113878,5.21037327776828,1.9949773466295
Prkcg,0,0.040012732,0.255563576,3.953898433,4.660951428,3.67210848,2.12395086725023,4.10682567675897,1.98287480950874
Fam117a,3.422531737,2.917168208,2.937698431,3.329684774,1.754019487,0.378203075,1.05445953926741,3.03293835081446,1.97847881154705
Slc2a3,0.047111031,0.052467229,0.238983688,2.424054061,1.261025257,3.959872142,5.43547191579671,7.39961545750029,1.96414354170358
Gsn,0.181934525,0.120214168,0.150052695,0.229206435,0,0.910816305,2.38016976929941,4.33673326715708,1.95656349785767
Slc52a3,0.108701483,0,0.042531579,0,0,1.256817441,0.807950838118025,2.76081068056794,1.95285984244991
Kcnk6,0,0,0.020766021,2.394826902,2.876108268,3.423084639,0.250062943279125,2.20261518722983,1.95255224395071
Zdhhc21,0.247407442,0.301527948,0.207064469,0.02719341,0.090635045,0.242941458,0.534356487842767,2.46172761041577,1.927371122573
Rasa1,2.748555692,2.337648303,2.546775953,3.410297682,2.006398569,1.103443926,1.90049008863051,3.82627390422066,1.92578381559015
Elf3,2.615887074,4.007850308,3.953516688,4.876222238,1.464014725,4.150778989,6.20617238038965,8.08203724146541,1.87586486107576
Lamp1,3.162226152,3.55875743,2.691697185,3.477172166,3.720125212,4.901798524,5.13463988488878,7.0077225092011,1.87308262431232
Tm6sf1,0.420831614,0.230623584,0.374013397,2.84e-07,1.280689123,1.063344168,0.359356988462295,2.23044897620751,1.87109198774521
Ppp1r18,0,0,0.04063423,0.02431514,0.233691762,0.628805318,1.68280249237177,3.50950583446455,1.82670334209278
Zfp36l2,0.591843111,1.034441119,1.136427659,1.389164783,2.04426121,1.019531129,1.67192285714305,3.46555660995833,1.79363375281528
Elf4,0.361615661,0.488553055,0.391658854,0.619692836,0.305385739,0.311186874,0.623000610331449,2.40917366687792,1.78617305654647
Kctd15,0,0.045597297,0.055263552,0.50594884,0.189555125,2.341965828,1.09326268259682,2.87637745883762,1.7831147762408
Arpc5,2.214118587,3.352380008,3.034573175,4.69984032,4.90488867,5.122403534,7.15392690638156,8.91967080120306,1.7657438948215
Eepd1,1.711433233,2.424930148,1.83293051,1.634769819,0.258401937,0.306172397,0.42759115580369,2.17372230256842,1.74613114676473
Rnf24,5.347662113,6.185228289,6.255982181,4.028790136,3.766202899,3.755229434,1.46768640394613,3.21056186525373,1.7428754613076
Ppargc1b,1.945783722,1.545068875,0.882085034,0.417760179,0.187105146,0.054558173,0.373150385224657,2.10365541273259,1.73050502750793
Wipi2,2.546785829,1.93865089,2.625840908,6.089906986,7.222070355,7.368436617,3.43480300830951,5.14200491598488,1.70720190767537
Gyltl1b,0,0.047155574,0.197342052,0.780616665,0.544424057,1.970632817,3.01088902121909,4.71410261508011,1.70321359386102
Slc28a3,0.020408466,0.152154857,0.170696797,0.520104381,0.307543936,1.719893111,1.77568270173906,3.46571331959596,1.6900306178569
Gprc5a,1.420191328,1.20262459,1.360251891,2.625219047,2.764048854,6.184829731,3.62695304177067,5.31095444408811,1.68400140231744
Atp1b1,2.081823626,2.759513799,2.766722359,3.079830349,1.782253383,1.369164931,4.36167011808516,6.02069553749128,1.65902541940612
Rab3il1,3.337378563,4.675132804,5.523474137,3.989538691,5.503854353,7.055499366,3.31508215941897,4.97233423301004,1.65725207359107
Arhgef16,4.631040239,4.571919463,3.869654295,2.038692529,0.592317814,4.562016461,1.05964600260058,2.70973837524949,1.65009237264891
Lpgat1,3.539667543,2.71604927,2.403911201,2.49553656,2.382603623,1.910333563,1.42778314682033,3.07520743193503,1.6474242851147
Cd2ap,2.064172363,2.150969032,2.255666898,3.320920742,3.046319924,3.238831179,3.79256386937516,5.43644504571365,1.64388117633849
Tjp2,2.907046398,3.208798155,2.78466311,2.464571561,1.498955446,1.881946475,3.06466215477535,4.70266308368381,1.63800092890846
Stk24,5.392441077,5.917424594,6.013243382,5.238374165,3.49971835,3.942795979,3.55027273409739,5.17624696532312,1.62597423122573
Rogdi,2.824804505,3.554343266,4.005373038,4.3950628,4.813760673,5.977071519,6.42110713823864,8.03326881214877,1.61216167391013
Rhobtb2,0.42764586,0.566459611,0.6993624,0.966770797,1.067184362,0.81567625,0.512855921185204,2.11980103626049,1.60694511507529
Marveld3,0,0.21109196,0.181372295,0.29260037,0.283634982,1.016909885,0.0712211795640472,1.67039622194718,1.59917504238313
Tmem106b,0.372201033,0.31736196,0.408948759,0.608948302,0.951412483,1.199242024,1.73254273199678,3.32425760833312,1.59171487633634
Nynrin,0,0.027221017,0.011096409,0.02426024,0,0.068232192,1.35406844407694,2.93732744132563,1.58325899724869
Arhgap22,0,0.082689647,0.099951321,0.189385597,0,0.05320019,0.909139446224536,2.46842170525869,1.55928225903415
2610001J05Rik,4.85553131,4.547067264,4.907145449,3.325291422,1.012039409,2.755673824,3.9445961137692,5.45077576445,1.5061796506808
Dusp6,0.769396844,0.723713198,1.551373279,4.352221792,1.438899614,1.611819205,3.39222123990324,4.89567585100208,1.50345461109884
Npdc1,1.155807509,1.30004756,0.586484222,2.615162014,3.885027637,4.246833688,0.70753097512719,2.20140803035864,1.49387705523145
Anxa6,4.351543529,4.384008349,3.822169274,1.716854847,0.858200666,1.614964207,3.94432436243321,5.43258198629269,1.48825762385948
Peli2,1.349331305,1.450833818,1.23938582,0.3261703,0.095476997,0.044114996,0.084046435145248,1.56212761471423,1.47808117956898
Ttyh2,0.807499184,0.579034326,0.177033731,3.425733208,5.321935308,4.465112507,3.12640134599912,4.60059684467235,1.47419549867323
Ctnnd1,3.829342194,3.788633514,3.623574267,3.354789239,3.809918579,4.548257818,3.6302773194289,5.09800259692115,1.46772527749225
Plcd1,0,0.08070623,0.199067346,0.266917239,0.384430053,4.575735879,3.56874962452115,5.00579519252273,1.43704556800158
Slc30a4,2.034198104,0.956772617,0.541782439,0.841355666,1.398623997,2.098416189,2.47558818154736,3.89843088387623,1.42284270232887
Npr3,0.098064972,0.076260948,0.169139962,0.109550588,0,0.192863269,0.89203579746534,2.30465705618596,1.41262125872062
Cxxc5,0.797152466,0.783997171,0.639126562,0.956383824,0.090102898,0.361420274,1.57590768262839,2.98845565495542,1.41254797232703
Setd8,4.280726236,3.656107328,3.588864518,4.974850487,4.914531039,4.45173863,3.80669525353176,5.21667602521584,1.40998077168408
Amot,1.810381405,2.220719987,1.021792396,0.520890875,0.139252059,1.620516033,1.83346090470688,3.23294619799501,1.39948529328813
Wtap,7.034699937,6.741817505,7.283171717,8.180655119,8.053708714,8.107959813,6.48417519728711,7.82425233100938,1.34007713372227
Arl8a,1.639144163,2.660111731,2.108919158,2.254835883,1.021543688,0.720631324,1.5020810493997,2.80893689694913,1.30685584754943
Epb4.1l4b,2.656043241,4.149251235,4.585479374,3.942514505,1.636798603,1.603549201,3.52790857709286,4.82981912291939,1.30191054582653
Sh3rf1,3.822730148,3.42546199,3.667347181,3.230253747,1.537022662,0.22367832,1.28078413007427,2.57759076335388,1.29680663327961
Slk,1.963019048,1.843943657,1.734703118,1.936824476,0.965703768,0.302861806,1.46410362368046,2.76029121624792,1.29618759256746
Ilk,2.0736386,1.611144045,2.114843402,2.546101763,2.571011731,4.506633676,4.16273370789251,5.45708861650693,1.29435490861442
Rab11fip4,1.188976875,1.706172459,1.652422246,1.023815996,0.953223513,0.241144594,1.29016486056226,2.58394263583088,1.29377777526862
Tprn,3.637065336,3.227097202,2.988066581,4.864186145,6.584531131,6.005280956,2.68898374621297,3.97352862353153,1.28454487731856
H2afy,2.250173332,1.81986843,1.418335695,1.25469683,0.494741236,1.456301512,5.82737446381939,7.08649718543444,1.25912272161505
Tbl1xr1,4.669009752,5.165562274,5.163933407,3.675319143,0.957936879,0.980899064,2.49519371338136,3.7521491276947,1.25695541431334
Itgb5,1.069805262,0.632982871,0.804196499,2.775964977,4.22570681,3.561142809,1.09851388370566,2.35065848046112,1.25214459675546
Prkcz,0.25246047,0.299986625,0.14105997,1.265754926,1.605081805,2.352088991,2.92746794189771,4.17145504954811,1.2439871076504
Snx9,6.651022981,5.684515807,6.573545703,5.521144987,2.996620138,0.864641395,1.55756203509766,2.80085228372869,1.24329024863103
Ddah1,0.144949566,0,0.183285778,0.674050202,0.213276351,3.551749783,4.46193448952595,5.70509598521116,1.24316149568521
Tspan9,5.355446245,4.383386346,3.596887449,2.487190474,1.394475728,1.809686082,0.777076689445607,2.01938167531808,1.24230498587247
Snx12,4.918085642,5.011755029,5.218858647,4.696884091,3.934808974,4.777572262,3.97001613291425,5.20147311716968,1.23145698425543
Scly,0.172637282,0.050395681,0.157407249,0.964564981,0.208560958,0.154769836,0.540774221226311,1.76830714716309,1.22753292593678
Usp12,0.242948772,0.44153341,0.464799985,1.765471097,2.151345796,1.722107492,0.896327656481723,2.11856903777805,1.22224138129633
Rfx4,1.828859016,2.059573327,1.580598969,0.16610225,0,0.786257602,1.26480062566997,2.47197818917442,1.20717756350445
Oxr1,1.195914485,1.560455735,1.177809387,1.061140235,0.544291497,0.264350265,2.17762762987198,3.38046764540844,1.20284001553646
Sirt2,0.442949864,1.85578643,2.513240589,1.482078985,1.772869571,2.508575704,2.05642745916334,3.25450183095226,1.19807437178892
Dap,1.892402684,1.445265857,1.493667827,0.692440589,0.100382153,4.045180829,6.55727835076686,7.73514981211386,1.177871461347
Fbxl19,2.536470724,2.603347422,2.142504931,2.078432219,0.838465342,0.473258043,0.212891769282223,1.3893465361625,1.17645476688028
Rnf38,7.700654719,7.667792802,7.719512035,7.052991831,3.928521928,2.75086801,1.54819492220414,2.72003982067196,1.17184489846782
Stat3,5.62443725,5.326389936,5.071621104,3.969389975,3.444337096,2.977825754,4.07286040193125,5.24439999124555,1.1715395893143
Grb7,0.576754305,0.216144408,0.422970309,0.206356907,0.359196162,2.724757215,2.75623125421725,3.91850072950937,1.16226947529212
Trp53i11,0,0,0.016684578,0,0,2.537385534,2.87840165502616,4.02629547039308,1.14789381536692
Sfmbt2,0,0.172652642,0.048065815,0.326031051,0.211834576,0.647945335,2.54383733858215,3.68776618186739,1.14392884328524
Mapkapk2,0,0.123926639,0.117480816,1.679937185,1.058593577,0.383646238,0.880872779429968,2.0197125878559,1.13883980842593
Tfap2c,4.754705818,4.919416363,4.382183046,5.07000284,6.024709736,6.639588162,3.10969820748897,4.24430103548648,1.13460282799751
Chdh,3.052555009,3.85936333,3.32760833,1.053535392,0.487595422,0.674176785,0.37035625503738,1.49885335414938,1.128497099112
Birc3,8.787830749,8.682815552,8.508658413,6.046595827,4.349853548,4.303598117,2.07040650273013,3.18704558549509,1.11663908276496
Coro1b,3.762051103,4.458926587,3.71730902,2.962743343,4.445547944,4.112399888,4.85242339056064,5.96235930391728,1.10993591335664
Furin,3.84176183,2.07290498,1.381632235,1.469672421,0.96366869,1.393811556,0.570754355133868,1.67610940735382,1.10535505221995
AI464131,0,0.232485167,0.942193183,3.185929959,4.243105418,2.80407215,2.14334116985062,3.24728499143749,1.10394382158687
Pinlyp,2.83002811,5.123289583,4.273411451,4.761849048,5.02574199,4.932769869,0.419520554338785,1.51897820240209,1.0994576480633
Mroh1,0.91108792,1.02827917,0.528936322,0.817730484,0.403469522,0.037045355,1.25288186777207,2.34522603534256,1.09234416757049
Abcb10,0.585303898,0.438490876,0.461621803,2.15231324,2.280213996,4.107671133,1.80519338301168,2.88787225565626,1.08267887264458
Epb4.1l5,6.416763755,6.817789516,6.018745434,4.338089197,2.407869364,3.244693774,3.34916992300688,4.41486616906981,1.06569624606293
Tns1,0,0,0,0.023949808,0.074025828,0.087798594,0.428880973262452,1.49103212960929,1.06215115634684
Soat1,4.085543629,4.614745175,3.603015017,3.138191918,3.32822181,3.249772982,4.82870773545514,5.88039166742512,1.05168393196998
Pawr,0.52186887,0.573520922,1.030936341,1.130021488,0.688046044,0.672834444,2.58341076934707,3.63426798651932,1.05085721717225
Gm694,0,0.153540764,0.125700425,0.343491965,0.278851888,0.36525916,1.22206880915655,2.27258462569887,1.05051581654232
Hibadh,4.296692331,5.174130733,4.947348224,3.200507492,0.847671462,1.893136954,4.94915203109783,5.99652207206536,1.04737004096753
Cap1,0.604222229,1.448742405,1.583586475,3.006987336,3.804704112,5.066214075,4.7263244413329,5.77173506990098,1.04541062856808
Rnpep,4.705502453,4.792215053,5.16630973,5.781330859,6.56544181,6.652403315,4.88971689161508,5.93396913607284,1.04425224445776
Capn1,0.613331736,0.851297701,0.782005896,1.896655483,2.108477621,3.555521697,2.37948511389019,3.42250482619121,1.04301971230102
Arl5a,0.402316157,0.73893814,0.730963344,1.643925437,1.122275136,1.233102706,2.85515452575122,3.89435214624997,1.03919762049875
Sos1,0.181477889,0.341659041,0.282899971,2.562349897,3.660346804,2.930937882,1.2955173303397,2.33308305717575,1.03756572683605
Snx22,4.613602372,3.92875878,3.078046172,2.548143124,2.053608372,2.198261544,0.929226683794134,1.95273612277119,1.02350943897706
Eml2,0.044047551,0,0.078915419,0.058309429,0.176348307,0.261606634,0.473499123037324,1.47295559669763,0.999456473660306
Stx7,5.169556266,4.905042763,5.228333864,4.637337817,2.133136046,3.69045062,4.1300907000377,5.12465485519506,0.99456415515736
Atp6v0d1,4.358902579,5.225305783,5.470416473,5.07373456,6.250965362,6.412285302,4.82320417125875,5.80887667771729,0.98567250645854
Stx17,3.469273873,4.407033174,3.974832137,2.293888372,2.235515694,3.148324042,1.91665625356671,2.90020603515429,0.98354978158758
Ibtk,6.328619283,6.35665444,5.862562974,4.91551612,3.868538617,4.179359766,3.07936104275338,4.05604588557492,0.97668484282154
Prune,5.35541453,6.427229025,5.918049853,4.816359067,4.505382849,4.795226667,4.1488853090549,5.12035194036522,0.97146663131032
Add3,4.973358713,4.41609659,3.693531562,2.230885457,1.353323291,1.263851701,1.5568511872752,2.51655731685363,0.95970612957843
Alg9,2.304919845,2.853043514,2.698996301,2.063551261,0.790522672,1.484705299,2.85959392169076,3.8158418110231,0.95624788933234
Neo1,2.882108909,1.670450611,1.360049575,2.825046795,0.17940786,0.035045167,1.17726723716835,2.12590563355648,0.94863839638813
Larp4b,5.164721928,5.197546976,4.656158825,4.589206192,4.658697061,3.666836108,3.4276356699626,4.36717533792859,0.93953966796599
Aes,0.650454852,1.391437798,1.942506999,1.802139438,1.702661976,0.415715407,1.23862179605108,2.17651107673905,0.93788928068797
Pdcd4,3.574222636,4.171999387,3.561900412,3.211415655,2.200629898,1.58736019,5.25840585640599,6.19317641033135,0.934770553925359
BC048679,0,0.232044257,0,0,0.215905931,4.086410139,3.3502624364306,4.28458075863195,0.93431832220135
Pwwp2b,0,0,0,0,0,1.97162632,0.566063052132,1.49860319957335,0.93254014744135
Cdca3,7.053165654,6.284825025,6.454029444,6.954324286,6.417506564,6.861707287,6.051269856441,6.97734862162811,0.92607876518711
Srsf9,0.505529195,0.956270066,1.406923006,3.413659067,4.284047669,3.901967424,3.64615113398855,4.5680199403436,0.92186880635505
Prr5,3.093053048,4.62254972,5.076482136,3.473721982,1.055424745,0.905454111,2.66832339366345,3.58773701905692,0.91941362539347
Cers2,5.275640323,2.550137262,2.270690396,4.641979466,7.127973692,8.180471134,6.09498551909019,7.00922398607117,0.91423846698098
Hmgxb4,5.97053619,5.666946856,5.275487617,4.798626026,4.201563293,5.256248324,3.51292214601569,4.4246937105854,0.91177156456971
Pelo,0.854564631,0.512557619,1.10136097,0.965555282,1.182781272,1.52174427,2.4096326097461,3.31238055588381,0.90274794613771
Tmem144,0,0,0.058501869,0.028906166,0.030357268,2.293408744,3.67491255290801,4.57335634721043,0.89844379430242
Rpp21,4.135690819,4.419026442,4.607537455,4.816241292,4.76327346,6.641310474,5.50228604196819,6.38960294751706,0.887316905548871
Nagk,0.911741428,0.671622188,0.28155108,0.110022409,1.844843579,3.210201813,4.26063543468804,5.14781139092471,0.88717595623667
Emc9,0,0,0,2.285135851,1.568975752,2.887940473,2.97202536811692,3.83643923049655,0.86441386237963
Zc3hav1l,0,0,0.03761191,0.174957312,0.368163771,0,0.458421903467127,1.31321682342629,0.854794919959163
Aqp3,0.058482612,0,0.079111139,0.527560829,0.041274247,5.621776436,5.35603109527222,6.20843532163966,0.85240422636744
Scaf8,3.696416764,3.608880193,3.233427944,2.702036896,2.907259878,2.830865784,2.1175387976496,2.96611848953636,0.84857969188676
Ammecr1,0.381242389,1.907029088,1.342224754,0.718214746,0.063716363,0,0.863652261100542,1.70903472216347,0.845382461062928
Slc35e4,1.487270238,1.878693957,1.618741397,3.057923295,3.903192561,4.15693049,0.237247979511619,1.08105324179024,0.843805262278621
Ankib1,1.579677377,2.283631427,2.050376316,1.486060443,2.845473993,1.807680522,1.03408186535075,1.87463960816493,0.84055774281418
Decr1,0,0,0.181820061,1.525216969,1.976154641,1.647784201,2.1161251748926,2.95147776087802,0.83535258598542
Dnmt3b,3.295706864,2.608014359,2.408543401,2.309618593,2.293438173,2.124354606,3.45747609790731,4.28378105083609,0.82630495292878
Alpl,2.415582915,2.9795681,2.495457252,3.314892255,4.383441646,3.888441286,6.78532821938276,7.60619050445131,0.82086228506855
Swap70,3.708518345,3.228398517,2.064958708,2.160145725,1.839149355,2.786025444,3.75237395577777,4.57192552905454,0.81955157327677
Cdc42ep1,0.182998599,0.240492632,0.399043092,1.59983193,0.780261378,4.093898163,2.28217585515075,3.09834880926301,0.81617295411226
Atg4c,0,0.574117013,0.679281458,0.457801239,0.286933178,0.186879564,3.02280810075429,3.83207985267166,0.80927175191737
Camsap3,4.734996776,4.067544071,2.177560661,0.968923127,0.338379914,0.344644456,0.945418177833072,1.74799313993288,0.802574962099808
S100a14,4.233044401,3.684998222,3.941078133,3.502559744,1.548515539,0.523207637,0.790120593217368,1.59219149714378,0.802070903926412
Hadh,3.185081569,2.657438791,2.555043076,1.805585506,0.824012608,5.315218411,7.27326410476611,8.05917679017695,0.785912685410841
Arhgef1,3.461096315,3.293951624,2.945514067,1.564948792,1.577063803,3.234640801,1.97020945024811,2.7545861077193,0.78437665747119
Ubald2,2.65e-06,2.89e-06,0.639981336,1.672832634,1.750666527,2.688789094,3.40415788231506,4.18276379494809,0.77860591263303
Lonrf3,2.247657173,3.599055895,3.551368357,3.143530563,1.583908949,1.681629169,0.109264666312933,0.88458385537743,0.775319189064497
Cdc42ep4,0,0.414836951,0.436142646,3.109658095,3.068651896,4.337768171,1.80081915849456,2.57459080276998,0.77377164427542
Smtn,0,0,0.193489168,2.289220673,2.699396161,3.422254533,1.9812864213475,2.74859218598542,0.76730576463792
Brd1,4.727261564,4.356869202,4.409574232,5.141494101,4.823051278,3.467931546,3.26272930368561,4.0249313118035,0.76220200811789
Uevld,0.793639566,0.798555733,0.420045768,1.443007172,0.631194637,1.459908941,1.44356421864451,2.20402487073054,0.76046065208603
Bend3,0.264075175,0.234820113,0.530312503,3.133492836,3.709334754,4.774655301,2.03526495070184,2.79362749758617,0.75836254688433
Sox13,0.17827356,0.299482645,0.216028901,1.222309979,2.115978744,1.214858403,1.41573162925564,2.17202019609547,0.75628856683983
Zc3h7a,0.186359831,0.449365921,0.408667303,1.934173007,2.586351628,2.307789882,2.36430627953561,3.12029719123951,0.7559909117039
B4galnt3,0.7322857,0.818901267,0.570686361,0.812955708,0.531066498,0.216762773,0.432683665874385,1.18724199854611,0.754558332671725
Mpp1,1.299273969,1.786600544,1.053736948,3.513654966,2.752463877,4.435961895,5.2255988519697,5.97889804016118,0.75329918819148
Aspm,4.618960997,7.362531256,5.566465091,2.78213384,2.300850016,1.37841729,1.37379296073885,2.12438769457721,0.75059473383836
Mpped2,0.716124359,1.143210539,0.744227415,0.159054318,0.24328033,1.117276135,2.8059486397175,3.54994018959742,0.74399154987992
Dnajc13,3.14556497,3.111410304,2.587746619,2.667029201,2.439045944,2.330067858,2.19489392855841,2.93719371117032,0.74229978261191
Dpy19l1,3.30741541,3.860118579,3.760880922,1.520004781,0.51407478,0.159032352,1.77323681204236,2.51310412226192,0.73986731021956
Actn1,2.719877783,2.26091991,1.414314167,1.582859443,0.806790099,2.35562243,2.44227738079745,3.16531544810912,0.72303806731167
Serinc2,0.656519252,0.558930778,0.335252278,0.414528499,0.313025222,0.753366635,2.47890710873746,3.19579010393099,0.71688299519353
Tyro3,0,0.156047065,0.237079068,1.776087139,1.672312185,2.723429685,2.57249438857446,3.2884353463756,0.71594095780114
Bend4,0.045237456,0.050312785,0.045958586,0.224666377,0.158276267,1.12344769,1.4896097255335,2.20531117923337,0.71570145369987
Ppp6r3,5.083749492,5.191637658,5.237441347,5.107231725,4.418527302,6.20781283,4.40328817628279,5.11753713537757,0.71424895909478
Prom1,2.007870037,2.253889454,2.31507926,1.6392229,0.463151595,0.169169473,1.85951639928025,2.56886390827761,0.70934750899736
Dsg2,0,0.0178917,0.007279419,0.010648752,0.033245374,0.099510667,3.21334417079738,3.90868803525476,0.69534386445738
Tada1,6.771383822,6.538642141,6.5392069,4.764914042,5.002297465,5.481095467,4.42176862577813,5.10839481748627,0.68662619170814
Cdcp1,0.024475998,0.080355041,0.06548532,0.594881,0,0.409216037,0.520722951525096,1.20224844378529,0.681525492260194
Pja2,2.848555843,2.576783323,2.243684312,1.039531484,0.333527925,0.820829229,1.8519628691977,2.52754331377207,0.67558044457437
Prickle3,3.507528272,4.596619146,4.209117998,2.057093237,1.172666721,0.829883648,1.68954965327603,2.36495616615216,0.67540651287613
Ptpn3,0.546660894,0.543654249,0.524977361,0.650634986,0.509856949,0.797471246,0.631385574652297,1.30018230998012,0.668796735327823
Mgat4b,2.902810661,1.787256923,1.158686024,1.151261358,0.162634144,0.314220865,1.6300559390661,2.29294956317627,0.66289362411017
Klf15,0,0.094901786,0.019745746,0,0,0,0.2516463880318,0.91427289359052,0.66262650555872
Ccdc61,0.757659941,1.255627624,0.045644263,0.731641181,0.456255245,1.771158767,1.41854079462716,2.08111802447477,0.66257722984761
Etfb,2.860581471,2.974791764,2.521503079,5.163394069,5.896252471,7.015169704,7.89689544466172,8.55902904258622,0.6621335979245
Dgat1,1.271587029,1.219270764,0.872842152,2.296348742,1.811376492,2.299649095,3.05246632499123,3.70021774798281,0.64775142299158
Igsf3,4.079966846,4.172863502,3.900267875,2.8318509,1.395803156,0.557444402,0.933495591756533,1.57679299571936,0.643297403962827
Capn5,0.120114347,0.572667549,0.379567733,0.137175995,0.210380136,0.045513566,1.67366043900514,2.30707582329471,0.63341538428957
Camta2,1.713994879,1.797419781,1.835827083,1.432216495,1.234887541,1.235531012,0.572687919478811,1.20305703625864,0.630369116779829
Wwc1,1.619943506,1.116883714,0.968398248,1.138762054,0.923871013,0.543714622,0.368923643431416,0.990787897347672,0.621864253916256
Ak4,3.220316023,3.357173335,2.215563673,1.591363464,2.219202603,4.231716557,5.33501869002112,5.9548732874263,0.61985459740518
Golga4,4.131745861,3.459929918,2.735127873,2.638951934,1.360763175,0.965447416,2.47463332139299,3.09203148894864,0.61739816755565
Usf2,2.975800747,2.628127328,2.532282045,2.094790066,0.925407033,0.085592168,2.47075549784151,3.08023127201926,0.60947577417775
Peli1,1.976484619,1.564329387,1.577073473,1.502238934,1.381482733,1.039840265,2.38648264772579,2.98948237879823,0.60299973107244
Kcns3,0,0.178689149,0.129487849,0.358536923,1.565421702,3.210720821,1.91248508553576,2.50853260396542,0.59604751842966
Dennd1b,0.31329694,0.294715431,0.318867491,0.434887056,0.230930942,0.80112885,1.15396094423057,1.74601602664694,0.59205508241637
Smad4,3.94220482,3.299657886,3.227234319,3.08418335,2.419590127,1.901868982,2.7839636563301,3.37090636601791,0.58694270968781
Kbtbd13,0,0,0.141342538,0.694850782,0.270210767,0.175439011,0.364214935797922,0.948465541769128,0.584250605971206
Plcb3,1.782655983,1.315977708,1.239061924,1.170469917,0.906879823,2.238658478,1.78712316301748,2.35465244262504,0.56752927960756
Commd7,0.142971455,0.480769719,0.611738957,4.550457448,4.289015525,4.507617067,3.78443069467269,4.35162832910278,0.56719763443009
Cenpe,5.726722248,5.239138321,4.858378925,4.446593702,5.652047596,5.345715709,3.28854313265907,3.85419517626058,0.56565204360151
Coro1c,1.424443797,2.932414619,2.507480067,3.343005517,3.007376724,5.141060788,5.71531683611318,6.26332930163183,0.54801246551865
Tanc1,3.129822072,3.130660751,2.621116474,2.102386026,1.35698326,0.957506799,1.1766546819892,1.71097500225001,0.53432032026081
Vps54,1.345413408,1.705977902,1.116630912,1.511948689,1.488463593,1.638662383,3.66472175272547,4.19821910385719,0.53349735113172
Igf2r,1.010593673,0.58727473,0.356177623,1.390249452,3.520409676,4.262748844,2.05806014764801,2.57720643947215,0.51914629182414
Agrn,0.207371888,0.181385018,0.065640137,0.29536451,0.280263892,0.051717472,1.12865633901015,1.64364842672954,0.51499208771939
Uso1,4.588768595,4.570414355,4.474779965,3.683280988,2.278106702,1.585361591,2.7403814557084,3.23905275556686,0.49867129985846
Il17rb,2.47462813,2.885748102,2.938058029,1.116437954,0.392838348,0.667970217,0.484354712590845,0.975739493892203,0.491384781301358
Naa11,4.903255237,5.69124381,5.235960598,3.44557178,1.77722822,2.056482952,2.63616288424882,3.12463914123403,0.48847625698521
Arpc1b,5.158029969,5.026020971,3.387013682,3.150627911,2.48256178,5.401824988,5.44579952477498,5.92862377919281,0.48282425441783
Lrp5,3.596911296,2.869156789,2.162864193,1.84503233,1.555875039,0.234943933,0.169981425744955,0.652463549287728,0.482482123542773
Pgap1,1.515899121,1.001182525,0.814457727,0.405515375,0.444408397,0.213052335,0.737813937915812,1.2061680815245,0.468354143608688
Actb,4.539413199,5.940709421,5.658599958,6.170774338,7.276543191,9.436332603,10.2956771131984,10.7602625364759,0.4645854232775
5330411J11Rik,0.664607535,0.893630919,0.243783615,0.124525466,0,0.688532203,2.87170765035381,3.33157624514661,0.4598685947928
Sema5a,2.928974754,2.886132593,2.488067632,1.911783605,0.742976307,0.317034261,1.35678611735759,1.81597703237493,0.45919091501734
Atp6v1g1,2.040720629,6.401074059,6.197120346,4.504766561,3.604925298,4.528396285,7.52874320686994,7.98356369722332,0.45482049035338
Fank1,4.935271148,5.275811632,4.961049099,4.428752097,3.476938955,0.624929066,2.35734367848876,2.80595276571734,0.44860908722858
Smap1,3.065358614,2.579322576,2.443630519,2.852054785,1.729309129,2.61937075,4.34259741130071,4.7899170085772,0.44731959727649
Susd2,0,0,0,0.504975239,0,0.137182029,1.45726332439437,1.90111596826848,0.44385264387411
Atp6v1f,3.941021776,5.401326688,5.645888957,4.947801724,2.296533762,5.478269695,7.61986781630532,8.05973381425217,0.439865997946849
Urgcp,0,0.036893767,0.157690514,1.621107094,1.492986289,3.196389868,1.31474872272355,1.74937550884813,0.43462678612458
Trip12,5.718934206,6.026585409,6.120878587,6.082638729,4.814212012,4.959672798,4.35388783628491,4.78565516687587,0.43176733059096
Ubn2,2.193812737,1.841389484,1.783385408,2.455633647,1.818048841,1.029148943,0.893621600711023,1.32177227540854,0.428150674697517
Apbb1ip,0,0,0,0,0,0.054556645,0.0685295262448148,0.492925806057751,0.424396279812936
Sod2,4.114200422,3.834984198,4.185327416,4.407366349,5.084991171,5.902309988,6.78016571731519,7.20417985185709,0.4240141345419
Tnrc18,1.044596957,0.757570342,0.795292343,0.644134084,0.959016345,3.957868179,1.51984882831981,1.93977947351899,0.41993064519918
Keap1,2.410156549,1.682860909,1.142230434,2.930778962,1.223169207,2.320631973,2.1329551509435,2.54959278348434,0.41663763254084
Arl14epl,1.48825277,2.915664303,3.080505882,2.169806375,0.936521482,2.351512434,3.24743539457934,3.65566094443152,0.40822554985218
Nadk,6.934823124,6.209365632,6.208189479,5.64808286,6.337222262,6.143948446,5.08687715792526,5.49489877471494,0.40802161678968
Prelid2,1.180975295,1.086199506,2.224737985,5.493605707,6.260620382,7.697287317,5.76858663500089,6.17613723715044,0.40755060214955
Atrnl1,2.564297678,2.198635587,2.363339312,1.829330015,0.705705477,0,0.156984189660502,0.54833797550862,0.391353785848118
Scp2,3.083906036,3.596422358,2.87347069,3.321793918,4.485033897,4.966342788,5.93227145452815,6.32277182471936,0.39050037019121
Hmgcl,0.520316636,0.314767281,1.09528308,5.101431571,5.458992186,5.195012873,5.5113162219187,5.89680706785705,0.38549084593835
Ctbp2,6.481429732,6.231428568,5.646825085,2.974973433,1.520306577,1.586750334,3.93832343509917,4.31633403357513,0.37801059847596
Rcn2,7.3420391,5.493349517,5.637920289,5.247965479,4.003710165,3.74170427,4.13880627919329,4.51550431226442,0.37669803307113
Gng12,5.508431822,5.817303476,6.162554472,5.853339501,2.294429602,1.170155814,3.02597492049128,3.40057345004708,0.3745985295558
Inpp5a,3.626217167,3.417273296,3.077371195,2.972742275,2.293349883,0.803978365,1.26507077473185,1.63743867980859,0.37236790507674
Pfkfb2,2.271485439,1.969539173,1.877905195,0.826126625,0.478776155,2.680015979,2.01564385822053,2.38100920670592,0.36536534848539
Akr1c14,0.326997465,0.761473365,0.736482788,0.745394826,0,0.312105178,0,0.350293558111742,0.350293558111742
Foxn3,5.85022185,5.542363307,5.309980129,4.331275267,3.395036743,3.424854922,2.44891152030085,2.79720394065581,0.34829242035496
Tmem55a,2.769005765,2.847373608,2.620316613,1.858629565,3.608821068,4.696511354,5.45961850111751,5.80188551260684,0.34226701148933
Pbx2,1.379022025,1.392844941,1.312072641,0.987355068,0.024198811,0.25069362,0.801594089711045,1.14127582554126,0.339681735830215
Hibch,0.380383692,0.659582106,0.349495499,1.4465368,3.841631017,3.837317602,4.33465407971883,4.67161607428955,0.33696199457072
Smim13,0.158564531,0.112350374,0.055744718,2.454836538,4.347212086,4.823841054,1.8751194956059,2.19199842532577,0.31687892971987
Reep3,0.318102771,0.320582876,0.31879925,0.9853015,1.081128253,2.731176723,2.3822245554792,2.68721749449633,0.30499293901713
Msc,0,0,0.054993468,0.040589485,0,1.622269745,3.60451023482896,3.89922397735945,0.29471374253049
Sbf2,3.292180992,2.794353478,2.999301927,3.691187966,1.766484915,0.301193119,0.900718836623384,1.17838957994316,0.277670743319776
Ppip5k1,0.245950731,0.240397377,0.246560102,0.412119224,0.367765796,1.253093731,1.01247570874564,1.28828768085985,0.27581197211421
Csk,2.20295677,2.402801294,2.576422972,3.192307809,2.218852448,2.575559214,2.60423741386593,2.87337815923456,0.26914074536863
Xpc,2.851093372,2.518469675,1.671415668,0.893773019,0.674580871,1.18172594,1.81185734157837,2.0731964155507,0.26133907397233
Plp2,0.70624939,1.31625003,1.158485684,1.933485772,2.137296941,5.275029403,6.78929888227063,7.04551941969011,0.25622053741948
Ahsa2,2.31548508,3.836004895,3.847195187,3.155214922,2.747236999,2.093320158,4.37202574632201,4.62072129026833,0.24869554394632
Rell1,4.947773677,4.491487567,4.091911357,3.944361848,1.509726241,1.100459664,2.58104748992144,2.82565335739921,0.24460586747777
Sorbs1,6.7465815,6.259227284,5.517430034,4.312323916,3.142488593,4.387658936,2.69842742046447,2.93959331798546,0.24116589752099
E130308A19Rik,1.765975974,1.130851816,1.445800849,1.959510521,0.863373945,0.423640556,1.0884876393119,1.32456869415121,0.23608105483931
Arvcf,0.781248071,0.578401617,0.392187712,1.238958017,1.92654602,3.963020899,1.90674439510342,2.13879153759995,0.23204714249653
Cc2d1a,1.638134093,2.891100281,2.789942041,1.837475047,1.832047437,1.655612864,0.716369359422046,0.943762330736703,0.227392971314657
Gga2,1.408282521,2.765471097,2.415239462,1.64385619,1.934403271,4.366832751,4.27297123293269,4.50017105462188,0.22719982168919
Usp25,0.601126932,0.463505279,0.263432294,0.160141852,1.000576963,1.78517806,2.69890965031846,2.91003608645283,0.21112643613437
Ugdh,1.130179682,1.13915512,0.74835045,3.096717263,4.249998951,3.268485297,5.16189574210321,5.36204901208824,0.200153269985029
Ppp3ca,2.400013218,1.930752474,1.505723283,1.314603726,0.571423436,0.228656176,2.15763877997711,2.35402893805439,0.19639015807728
Stx4a,0.080089887,0.87472065,0.810511381,1.102248274,0.607385712,2.518716409,1.58163566025984,1.77514749070461,0.19351183044477
Slc29a1,0.68545132,0.566150753,0.624536095,0.530806888,1.313257463,3.104583239,5.00228396110737,5.19342876692503,0.19114480581766
Chmp7,2.791720319,4.135715442,3.286653491,3.667313115,4.637546491,5.582041093,3.69587135694502,3.88689151549692,0.1910201585519
Arhgap42,3.397594892,3.21867734,3.986465547,3.738411171,0.856086139,1.609296366,1.07553263116736,1.26488467746575,0.18935204629839
Dock10,0.352717853,0.491580177,0.267542989,0.141788516,0.017251914,0,0.514892838633156,0.702184988921212,0.187292150288056
Atp11c,3.262467736,3.028646942,2.581457306,2.735442025,2.440808718,2.793446466,2.56426352890151,2.75026990818584,0.18600637928433
Echdc2,1.123725783,1.688663787,1.498240654,4.239680626,5.320726551,7.613509553,7.46287031226445,7.64358205167301,0.18071173940856
Map4,6.882960896,6.368324858,5.474085548,5.570323269,4.68014429,4.540734056,4.26180909766496,4.43566192765593,0.17385282999097
Irf2bp2,0.211597877,0.067711125,0.036990937,0.168201715,0.175986956,0.113035133,0.643208793836862,0.815738542546454,0.172529748709592
Lypla2,4.408032466,4.543464951,4.15534447,2.214019087,3.015228145,4.995882449,3.52534227187771,3.69135549193106,0.16601322005335
Xpot,0.015330853,0.067133685,0.164374388,2.478694885,3.161034709,5.416174301,3.53647569717291,3.69729565858272,0.16081996140981
Strn4,2.217494411,3.173910946,3.218520808,1.8885387,0.85967303,1.670804087,2.09225480535554,2.23951413687738,0.14725933152184
Shoc2,4.537786823,4.582562024,4.087581647,3.991426608,3.428480106,2.380610327,3.52332357805327,3.66572247923545,0.14239890118218
Mreg,1.80261924,1.465608848,2.020455975,2.7786943,3.153075699,3.699085169,4.89490989887264,5.03417168710747,0.139261788234831
Uhrf1bp1l,3.331857101,2.953414251,3.124118002,3.612895029,2.945654519,3.060132144,3.20541284571233,3.34445783579761,0.13904499008528
Cenpf,5.739173031,5.1653854,4.25716152,3.505929029,3.079893481,1.354576282,2.43138494219576,2.56498780095989,0.13360285876413
Nck2,0.316265093,0.775674275,0.414693015,0.217565755,0.1183156,1.684450725,2.92619492845185,3.05456025641813,0.12836532796628
Setdb1,6.270250468,6.282882702,5.410707431,3.896475304,3.908149999,4.048393143,3.72235672525206,3.84951894816184,0.12716222290978
Ctsc,0.039723357,0.16970826,0.835379223,7.043191372,8.894162946,9.387282831,7.01362974563856,7.09965288776122,0.0860231421226603
Gpatch2,3.263680468,3.134045111,2.93266028,2.686397434,3.059817295,1.828107535,1.91977101487598,2.00525984368419,0.0854888288082103
Tulp3,3.89838251,3.82269956,3.875023138,4.175229166,2.495728416,0.44862824,0.879617947389632,0.964332826803055,0.084714879413423
Foxi3,0,0,0,0.533022049,0.359220906,0.467926331,0,0.0793262226620395,0.0793262226620395
Cln5,0,0,0.106733032,0.399584562,0.634290294,1.628166999,3.66202315700412,3.73939448953995,0.0773713325358298
Zfp628,0.778681265,0.830000518,0.908869001,0.677505536,0.632700959,0.163972683,0.184531672841697,0.244821314560391,0.060289641718694
Tpr,4.48095011,4.245084883,4.006531422,5.107604184,6.306227601,5.704490219,4.37502552578554,4.42902671551354,0.0540011897279999
Hcn2,0,0.159686014,0,0.039586508,0.020914478,0.021335166,0,0.052904268789061,0.052904268789061
Tdrd5,2.37571786,2.911288913,1.392366886,1.233581332,1.079163035,1.074087501,0,0.0488809290366011,0.0488809290366011
Tmem41b,6.042278803,5.869691305,5.844581494,6.411163513,7.898927827,8.422455881,7.31223858909187,7.35721768288691,0.0449790937950398
Ppp1ca,5.499016697,5.734183923,6.089407047,7.094785,7.766575286,7.942678705,8.13213467196082,8.17336732956095,0.0412326576001298
2310061I04Rik,7.286807237,7.037755587,7.171176798,7.253686783,4.33964338,3.968136844,4.42492880465241,4.4616071354943,0.0366783308418901
Rad54b,2.500162129,3.561313915,2.069454708,2.691909306,4.439942224,4.230556572,3.83458987386085,3.86762963955194,0.0330397656910897
Asap2,2.57112098,1.581809173,1.357692748,1.060469405,0.403242632,1.53060516,1.02003631054078,1.04568759307542,0.02565128253464
Hps3,2.407075335,3.756639046,3.140718133,1.79394997,1.687768421,2.380172541,2.72076220143086,2.74483060908745,0.02406840765659
Svil,0.414478707,0.839348529,0.433779907,0.204625291,0.008513178,0.35394315,0.774500758337902,0.792447259688634,0.0179465013507321
Tecr,3.59391544,5.060345752,4.87292231,3.125798207,4.523072611,6.310609147,6.4400535549296,6.45081369766609,0.0107601427364905
Fam171a2,0,0,0,0.020616837,0,0,0,0,0
Grn,5.754513422,4.009400923,2.284626654,2.459722751,5.254639391,8.537012564,5.41009344241997,5.41001540305702,-7.8039362949589e-05
Arnt,3.770839615,4.166691346,4.199727304,3.954038071,3.768290207,3.318125916,2.49380102199349,2.49003608042283,-0.00376494157065999
Nagpa,1.648709323,1.364034473,1.027529188,2.333875936,4.047843716,4.13473023,3.25429622214104,3.24211161650389,-0.0121846056371497
Pex1,4.835797782,4.332851122,3.978296322,3.09773214,2.524301932,2.590132501,1.79592483779304,1.77670200337142,-0.0192228344216199
Zfp106,4.729906196,4.168016176,4.332593373,5.051163253,4.768666025,5.448953796,4.50903704235289,4.47677050175659,-0.0322665405963001
Sdha,6.759568658,6.537634644,6.002214189,3.572986653,2.758893696,4.856980712,6.11128593227247,6.07455253212106,-0.0367334001514106
Aldh1l1,1.179052372,1.033327847,0.351959568,0.081152256,0.876019051,1.628395669,1.95389470906148,1.90876296004263,-0.0451317490188501
Cuta,6.319699214,6.306798119,6.034523875,4.996718648,4.751597615,7.401391545,6.4302919644977,6.38146681294548,-0.0488251515522196
Ube3a,5.234597119,4.238290084,3.062216714,4.056817601,4.854379716,2.924445787,3.77603027184473,3.72269552588138,-0.0533347459633498
Exosc8,5.82950457,5.685760781,5.328086062,5.426278175,5.723564022,6.315785386,6.58251836961836,6.52391161041487,-0.0586067592034905
Tpp1,2.575513229,2.486428637,2.380036744,1.752594467,0.092409888,0.18269484,4.90375172624476,4.84082575042415,-0.06292597582061
Efr3a,3.971543554,3.671565126,3.609329465,2.741089409,1.832290538,2.315922658,4.06592553218577,4.00196433409429,-0.06396119809148
Mbd1,1.204215855,1.716306137,1.311857642,1.658659363,2.128194402,0.974004267,1.77226151740288,1.70780747135625,-0.0644540460466299
Net1,3.951000228,4.912649865,4.883606155,3.776598842,2.443450174,3.476666828,3.48564579105015,3.42083269180158,-0.0648130992485703
Rltpr,0.70734367,0.453176191,0.418565621,0.219792404,0.27653478,0.970637234,0.0695888910337024,0,-0.0695888910337024
Nid1,0.582207209,0.291617702,0.150460894,0.26660906,1.454060052,3.226226437,4.6322740328065,4.55976711041814,-0.0725069223883601
Ttll12,0.295704219,0.848504165,0.821980363,2.684529272,1.623726424,2.334571136,2.9021102493541,2.82827005030441,-0.0738401990496902
Ncf2,0.037613316,0.082759669,0.050884601,0.337141322,0.026351781,0.85465718,1.11346047447879,1.03750873782335,-0.0759517366554399
Cc2d1b,1.71669684,2.602245444,2.271144759,0.968945975,1.246760737,1.5029772,2.5402207401447,2.45782014669349,-0.0824005934512098
1700025G04Rik,1.749680139,1.416531718,1.414243799,0.814142679,0.274426276,0.438485553,0.984851800381483,0.896512891481183,-0.0883389089003001
Entpd7,0.059743313,0.016898336,0.257994213,1.527660909,1.613871071,1.151995159,0.853019152997384,0.764355497826815,-0.088663655170569
Supt20,3.173864587,4.638143363,4.666444163,5.353898419,5.994670229,5.504887298,4.1123164749667,4.02160409231212,-0.0907123826545799
Klhl2,2.679975457,2.006865295,2.129527018,2.638782843,1.211641483,0.904096373,2.43851376397908,2.34461548495765,-0.0938982790214298
Optn,2.343242933,3.951224091,3.808436538,2.609435851,2.553276938,2.452782546,3.5398164060519,3.44441528875835,-0.0954011172935503
Clip2,0.685703379,0.721632518,0.886820908,1.072887835,0.451596746,0.292954862,0.17965244656482,0.0833182258123385,-0.0963342207524815
Galk1,0.202107991,0.791759071,0.348902046,2.328006331,4.956674685,7.53484756,5.96851934856299,5.87120296543966,-0.0973163831233297
Emc10,1.866943575,2.704017601,2.252473186,1.324966095,2.340946747,4.953451501,5.65978187976498,5.55983439730307,-0.0999474824619098
Rps6ka1,2.591878049,1.926667459,1.910310535,2.866383806,2.529208764,3.230531979,4.05331990379832,3.95065503791869,-0.10266486587963
Plekhf1,0.518300462,0.621745731,1.064813887,1.994362489,1.901363155,4.14912927,4.83649982502136,4.72928628501825,-0.10721354000311
Tfdp2,1.87605521,1.174783503,1.713832161,2.434129119,1.873950966,1.011030409,1.63102044292989,1.51870130371057,-0.11231913921932
Kcnab2,0.355213648,0.142563745,0.035991926,0.332463908,0.125214392,0.126900455,0.137889065268064,0.02378051836702,-0.114108546901044
Sptb,0.017280283,0,0.011725579,0.368147005,0.253430227,0.989237849,0.221326494319014,0.106174086638747,-0.115152407680267
Dnm1l,6.647392226,6.639075844,6.574649531,5.11614015,3.362633997,4.236745164,5.06941432059951,4.95106552525219,-0.11834879534732
Capn7,5.281891091,5.064736299,4.497829488,3.5601769,2.55221966,1.41824393,3.06243605804403,2.93246186431667,-0.12997419372736
Zfyve9,0.955874445,0.917009292,1.435457914,2.22214302,1.444831361,0.798389835,0.461042340658009,0.329569112112656,-0.131473228545353
Mpp6,1.73154387,1.984374252,1.722396074,2.466152016,2.54750412,1.63864385,2.23793994468136,2.1012668303334,-0.13667311434796
Pcyox1,3.948881137,4.488688523,3.89838251,2.605669741,1.543426593,1.239190269,2.08310782209617,1.94530055472113,-0.13780726737504
Bard1,2.660762083,2.622649279,1.443834707,1.974540325,2.88369119,1.967954312,1.7242049537101,1.58333133354183,-0.14087362016827
Cbx6,0,0,0.008473077,0,0,0.035764231,0.31848113288893,0.173023786034019,-0.145457346854911
Rnaseh2b,2.655752522,2.797228847,2.599850969,4.427994951,4.51412226,6.065050938,5.41556601493886,5.26829963992581,-0.14726637501305
Txndc5,6.851474216,5.481027636,5.131754091,3.214211862,0.861730707,1.085873304,3.21500290304753,3.06585144917987,-0.14915145386766
Vars2,0.252755946,0.496448032,0.302285122,0.280545414,0.218835713,0.900992359,1.40470152302812,1.25522878594066,-0.14947273708746
Haus4,8.037843424,7.172567521,6.687816561,6.552664487,5.946532031,5.183466664,5.10175931610772,4.9278348392872,-0.17392447682052
Clic1,0,0,0.627140805,1.026849623,1.165744753,2.645143653,5.07876352271465,4.89691602478429,-0.181847497930359
Arhgap12,6.345605724,5.917236009,5.804229134,4.768284913,3.745721377,1.916702108,2.85108937289021,2.66903130227936,-0.18205807061085
Agpat2,2.063620286,3.612741726,2.947018996,4.471350063,5.794317084,7.442139011,6.45353568686709,6.26931559669756,-0.18422009016953
Cbx5,2.129569879,3.458000017,3.414707896,3.511392133,3.928266085,3.822454837,4.19355098628289,3.98488095854777,-0.20867002773512
Fbxo3,3.559369442,3.020937727,2.174467142,1.337756755,0.195667602,1.886070145,3.66856167092136,3.45758509934097,-0.21097657158039
Nprl2,5.654020156,5.983689094,5.687704605,2.707697056,2.61805067,3.628645298,3.83053929130587,3.61929561810502,-0.21124367320085
Hmgn5,2.474952543,2.336437648,2.529031308,4.912970747,4.118392952,2.485292856,6.67376840318106,6.45941358483657,-0.21435481834449
Cdc5l,0.444437023,1.299074643,0.940203593,3.732041216,4.925358606,5.844513706,7.13813866156746,6.91066071720476,-0.2274779443627
Chrac1,0,0.167794653,1.201552315,4.552124959,5.297275804,5.634055933,5.60647480092779,5.37094192631972,-0.235532874608071
Znrf1,0.155355481,0.138995286,0.165985237,0.974610806,0.885237761,1.251622152,0.985670920553674,0.746313626452053,-0.239357294101621
Ktn1,6.767588594,6.549062273,5.68676383,4.639845699,3.950580391,2.406468643,3.61539275439713,3.37503804079682,-0.24035471360031
Ezh2,7.592247719,7.04601078,6.853272123,5.746522383,4.476906562,4.979170218,4.60558915131111,4.36454441852794,-0.24104473278317
Hs1bp3,0.374915945,0.618659654,1.001845469,0.463446686,0.290130645,2.055490689,2.58114874944357,2.33884083214187,-0.2423079173017
Spint1,2.699602712,3.812457152,2.855270163,4.102565756,4.35453679,5.609057554,5.81108821343185,5.56707384195302,-0.24401437147883
Ankmy2,0.538098087,2.374394072,1.673307662,2.980506118,5.227302102,4.510126433,3.76572567865991,3.5158259700415,-0.24989970861841
Haus8,3.909955469,5.485488012,4.288321645,3.170585284,4.533631868,4.476316875,4.98535014174379,4.73336518790418,-0.25198495383961
Syp,0,0,0.018053561,1.220237075,1.726338612,1.04847336,0.321354365274098,0.069218621244563,-0.252135744029535
Nicn1,3.077806976,2.612071718,2.899691891,5.629423653,4.002072385,3.198905844,3.69379915916487,3.43753137615062,-0.25626778301425
Hddc2,1.36216687,2.195583828,1.754814831,1.864073201,2.85435079,2.689741966,5.50387025021391,5.24747944909624,-0.25639080111767
Sypl,6.128827466,4.834701104,4.273165244,3.77443919,3.353293646,3.227859653,4.0151763955552,3.75314452903326,-0.262031866521939
Btf3l4,5.314540648,5.465282327,5.773764294,4.566821241,3.012420285,3.628225337,4.26705631817869,3.99570158518629,-0.2713547329924
Ulk3,0,0.075412008,0.031045773,0.110680214,0.782491601,0.367800455,1.05808093431332,0.786626469994881,-0.271454464318439
Fhod1,0.047250519,0.128123779,0.104730361,0.046977115,0.158047425,0.114653803,1.40439089627699,1.13218198041751,-0.27220891585948
Mapre1,5.991224773,5.561280307,5.617380772,4.629298328,3.677327824,5.068344061,5.01478375262707,4.73309940580907,-0.281684346818
Osgep,0.06521604,0.072932274,0.300072167,1.845606465,3.217643299,4.182183769,4.46764467348583,4.18289089274548,-0.28475378074035
E430025E21Rik,4.394637608,3.191752134,3.271748364,3.804032902,3.960483909,4.111290106,3.66866377770022,3.37284486659271,-0.29581891110751
Atg2a,2.406547554,2.487949337,1.740491557,2.392649891,2.750469303,4.419613047,2.35587609783149,2.05231154888493,-0.30356454894656
Becn1,6.188191215,5.89980643,5.573335138,5.545804698,5.354318154,4.719955519,4.97884542842391,4.67006418013393,-0.30878124828998
Grin1,0,0,0,0.268485896,0.807513198,2.772831575,0.322540821606789,0,-0.322540821606789
Parvb,0.050556165,0.110500223,0.205732814,0.145866542,0.495111828,2.526269172,2.16741573715627,1.84080964051143,-0.32660609664484
Mtpap,6.332195919,6.7370783,6.126989371,4.417623015,2.813518533,3.825826324,4.9118353649106,4.57529417585373,-0.33654118905687
Trim8,0,0.127196774,0.291806275,2.014180302,0.719653089,2.020619539,3.04751570470074,2.70832189599076,-0.33919380870998
Fgfr1,2.902496193,2.24199573,2.225931953,2.504986422,1.48337468,4.636485419,3.02409446217004,2.67705038596433,-0.34704407620571
Tspan31,3.356470634,4.319213275,4.58522096,4.850064289,4.644859956,5.039963057,5.67547723060941,5.32664160612556,-0.34883562448385
Ccdc160,0,0.150241209,0.968300919,2.355884553,0.53337596,1.2423769,4.41063281649879,4.06122320249932,-0.34940961399947
Mink1,1.221413117,0.592102494,0.290124745,0.435892042,0.772084965,0.88616928,0.498115017988304,0.147512504250465,-0.350602513737839
Atxn10,0.484853757,1.145449214,0.900212606,2.733154736,3.710944155,4.721126538,6.90096338684281,6.54498451836351,-0.3559788684793
Zmym4,1.826404083,1.758439636,1.378866704,2.078937683,1.330523981,1.300838304,1.36905881410598,1.00423530057458,-0.3648235135314
Tfcp2l1,1.422894981,1.967589179,1.795081172,1.808862781,0.691995932,3.872099842,5.67061942894693,5.30452564391258,-0.36609378503435
F2rl1,0.103085066,0.114706835,0.152921942,0.17781959,0,0.09794851,3.90334683498221,3.53633892348833,-0.36700791149388
Atic,3.565426577,3.253201164,3.327050656,2.369371557,2.847800526,4.694601653,3.40015944573086,3.03262103670385,-0.36753840902701
Eps15l1,3.844686936,5.245130531,4.862748926,3.18869684,3.725228543,3.983176038,3.13672458606952,2.7683240873613,-0.36840049870822
Plin3,4.979979587,4.406203304,2.858579838,4.304773857,3.71707866,4.961637218,5.93433957424308,5.56507008160063,-0.36926949264245
Cryz,0.153191817,1.475769741,1.771171447,0.525899485,0.030619575,0.929167588,4.80823057824941,4.43873863402747,-0.36949194422194
Prr14l,4.345765377,4.037970778,3.962928386,4.529215012,4.26392079,2.338709645,2.20059223576922,1.81916948883041,-0.38142274693881
Rtf1,3.595050062,2.810675479,2.373804095,2.309825196,2.043550989,1.731378774,2.13189892930862,1.74919527495858,-0.38270365435004
Tex264,4.277761633,5.395470728,4.498589159,3.592947321,3.788111441,5.370739709,5.68106408291673,5.29310926270958,-0.38795482020715
Atr,1.892931085,2.01939591,1.458618234,1.15591758,1.114946652,1.041158858,1.66772866350297,1.2795247828316,-0.38820388067137
Ubap2l,4.920803013,5.799574341,5.542914234,4.554392386,5.519312298,5.017944172,3.76918989006193,3.37571924982638,-0.39347064023555
Oxa1l,2.75878499,3.321363891,2.688956899,3.052534143,3.590566092,3.871774666,4.46914360464327,4.07507904363553,-0.39406456100774
Eftud1,3.797282809,4.13920752,3.269724397,1.01451241,1.820550696,2.863793777,2.74512544092716,2.34555817981077,-0.39956726111639
Nudt16l1,4.163224981,5.255614029,4.826517981,2.611373068,3.556429415,4.877498873,5.74977290937814,5.34871045234283,-0.40106245703531
Mcm10,5.631465202,6.019579609,4.999197278,4.61328411,5.813393856,5.889590355,5.35461436296834,4.95334440345256,-0.40126995951578
Pola2,4.426915498,4.429020018,4.466835907,3.999675357,4.716178807,4.578824017,4.39057139263141,3.98122247797042,-0.40934891466099
Scamp3,4.9502351,6.097202031,5.709340269,4.904252863,5.050767226,5.991369916,6.55923023218527,6.14465416453625,-0.41457606764902
Vps29,5.100855737,6.256688013,6.158571317,6.204831295,4.903076844,4.787980894,7.21688163486859,6.80064109732908,-0.41624053753951
Echs1,5.590970221,5.92605162,5.994090899,4.829626341,2.785399893,3.595515595,5.9802355636606,5.55977934463064,-0.42045621902996
Chga,2.64236656,3.297090146,3.028229655,1.464689175,0.372991089,2.115569325,2.97033647325021,2.54922064584977,-0.42111582740044
Dnajc2,5.142997423,5.442701368,4.461744633,5.034713141,6.06776992,7.296383986,6.0233485122563,5.60092088914548,-0.42242762311082
Slc25a39,5.075310134,4.524113838,4.363787841,3.861995053,3.34643927,6.021048809,6.7527887251694,6.3240076829413,-0.4287810422281
Phc3,2.336180539,1.147254591,0.553202216,0.373337508,0.319313873,0.194258551,0.903143189573406,0.47228188029027,-0.430861309283136
Got1,3.774892458,4.676944359,4.44285063,5.244517968,4.544516297,5.377220944,6.85795612086071,6.42641069437685,-0.43154542648386
Hook2,4.04463892,3.782146424,3.545400072,3.063209541,2.050250924,2.987537345,3.8478866964743,3.39995034889622,-0.44793634757808
Arhgdia,3.758463089,5.501359524,5.724732117,5.558742127,5.623018175,6.639301633,6.04071931438557,5.58935302739524,-0.45136628699033
Pkn1,0.056765935,0.112074752,0.051474705,0.056487392,0,0.245291201,0.912413036552654,0.460208890689561,-0.452204145863093
Tram1,5.300570378,6.995088741,7.035205995,6.514860781,2.060254951,5.423359666,5.61858225335627,5.16120647279966,-0.45737578055661
Fibp,4.050640997,2.639438248,1.3674158,0.650441984,2.566822459,3.591356282,4.79995245635777,4.32317548667853,-0.476776969679239
Trip10,0.349983443,1.540711742,0.976608525,0.658324837,1.2668405,3.023872758,3.16487475472024,2.68697107716928,-0.47790367755096
Dnase2a,0,0,0.140583666,1.216100938,2.030321952,4.051520018,3.87594712298479,3.3820419032746,-0.49390521971019
Camk2d,0.032854798,0.42963096,0.241283739,0.271098134,0.015316579,0.980014329,2.13511782662576,1.64021369557043,-0.49490413105533
Nuak1,0.018460556,0.060850226,0,0,0,0,1.15833056346516,0.658690435130628,-0.499640128334532
Magt1,2.761585272,2.903209917,2.202383241,3.313404046,3.97020945,4.256233225,4.92484100100415,4.4204554532239,-0.504385547780251
Aim2,0,0,0.017611962,0,0,0.158046132,0.729088945306398,0.223951338220779,-0.505137607085619
Gapvd1,3.745366427,2.941769272,2.47339989,3.286514515,4.544510115,2.829961156,3.13212603285773,2.62145411233216,-0.51067192052557
Copb1,7.904074594,7.344606609,6.090330528,4.215267005,3.324963216,3.303853794,5.50038141809988,4.98455289519458,-0.5158285229053
Dcp2,3.43718645,5.325321647,5.539841215,3.987366347,2.435796588,1.149187814,2.61701160817507,2.10037892276565,-0.51663268540942
Dpf2,2.045491899,2.33352678,2.63493009,5.037874166,5.834331988,6.534450744,5.25660687874357,4.73551134621203,-0.52109553253154
Hexa,0,0.061191261,0.296684109,0.927910862,1.651724505,5.309219852,7.04796364891114,6.5166786467373,-0.53128500217384
Amdhd2,0.788709929,1.331435797,0.869891142,1.125459347,2.596880295,3.809424734,5.24666270273209,4.70265754339091,-0.54400515934118
Nemf,4.794031096,3.669321626,2.260838637,3.003686781,3.073719138,4.246917273,4.04663947797523,3.49546492695995,-0.55117455101528
Klhl24,2.924107489,2.782343558,2.189736018,2.290822476,3.604332314,1.884441629,2.14446410317231,1.58972993554738,-0.55473416762493
Dennd5a,1.492745368,1.46524314,1.573597506,3.15224184,2.857294308,1.85207077,1.67789155696053,1.11949562528674,-0.55839593167379
Slc39a6,5.784339079,6.845628041,5.950892948,4.941552388,4.259965417,2.82201423,1.86631851829713,1.29636342722874,-0.56995509106839
Rmnd1,0.554856002,1.196204141,1.444253598,1.865705066,1.185137087,0.920759004,2.85751328713686,2.26808999811514,-0.58942328902172
Gpx1,2.868439843,3.202024277,3.80395027,6.610762063,7.762308947,8.638450395,9.76190022935161,9.15017884743058,-0.611721381921031
Zfp870,0.499303523,1.393575454,1.230676455,1.033292602,0.150291908,0.821681647,1.80990417768062,1.19582001934076,-0.61408415833986
Bdh1,5.911370415,5.193014721,4.889463808,3.684235259,2.181493791,2.812549566,3.04596711065463,2.43082852336154,-0.61513858729309
Gjb3,0,0.074093805,0.504133226,0.809049711,1.781976531,7.54965377,7.78978792812615,7.1613133109523,-0.62847461717385
Kirrel,0,0.041372805,0.04467151,0.008280316,0,0.222134362,0.973362937954062,0.341554296984518,-0.631808640969544
Snx15,0.524560206,3.756628372,2.340701832,5.467563165,5.065511997,2.828649859,3.61758059900527,2.96840599025626,-0.64917460874901
Mfsd1,5.897179909,5.250438653,4.092368142,4.229164896,4.974070367,7.02467428,7.3064171913215,6.64071635651909,-0.66570083480241
Rab38,7.192233626,7.369684581,7.247509831,5.327284963,2.623014662,2.030014659,2.75651949580377,2.08422077510029,-0.67229872070348
Sgol1,4.291117274,4.579855951,4.54975541,5.051345997,5.313028125,3.599436823,3.80758161346731,3.1351654478837,-0.67241616558361
Ranbp17,2.102681644,1.522563014,2.561076805,3.087583344,2.709081055,2.317283806,1.86277669254663,1.18731802222617,-0.67545867032046
Fndc3a,5.199055878,5.661344868,5.702117263,3.635371324,1.071055562,0.833754765,2.94061217842314,2.23185937807692,-0.70875280034622
Mov10,0.407270076,1.358058618,1.318039123,0.999645053,1.919023475,4.506411527,4.65812577555012,3.92394781490793,-0.73417796064219
Znf512b,2.534133835,2.628237004,2.131405103,2.715306951,2.013058427,0.610336272,1.01933897139682,0.281599742930511,-0.737739228466309
Phkg2,1.485452589,2.892198654,3.297876644,5.718312302,6.411790602,5.085632853,3.14188233685732,2.39615948907315,-0.74572284778417
Asnsd1,3.188533857,5.178132985,5.769327439,5.094426108,4.777077742,4.797132333,5.94092314467556,5.19513495838328,-0.74578818629228
Acaa2,0.9311157,1.546906804,1.109113124,1.291691956,2.244944888,3.698062863,7.09839007964446,6.32521369541769,-0.77317638422677
Hsf2,0.724834471,0.765756225,0.712535915,1.725501233,1.805655664,3.222300704,3.92872088611492,3.13662288316697,-0.79209800294795
Uap1l1,0.177074566,0.314923859,0.236332191,5.096915405,5.631284754,6.614437473,4.6669553747502,3.87066062667928,-0.79629474807092
Naa25,4.931229189,4.189864084,2.716466382,3.643024958,4.226970858,5.143475054,5.19786146072763,4.39829563884343,-0.7995658218842
Zyg11b,0.429267801,0.748778076,0.618882321,1.974162168,1.575283283,1.010371674,1.64055614874118,0.833411517430649,-0.807144631310531
S100pbp,2.329921523,3.303511907,3.237149144,4.133736126,2.996298349,4.607614386,2.28870996404075,1.46633476686753,-0.82237519717322
Mrpl17,0.774850721,1.913825766,1.70354372,2.10601994,3.043412753,4.443440891,5.11974626622402,4.2951866889216,-0.82455957730242
Tonsl,1.361830108,1.180141494,0.577342294,1.774198794,1.59503096,2.717311214,1.9248675980681,1.0991201175362,-0.8257474805319
Traf6,0.371417235,0.365209879,0.531927866,1.294994147,0.800788517,0.093031001,1.24564777363675,0.408818361139083,-0.836829412497667
Cds2,2.631560656,1.756989099,1.247222699,1.875748614,2.091090474,4.978776802,2.80362589267424,1.96345932702679,-0.84016656564745
Gba,0.598083118,0.342867599,0.208334961,2.623298004,3.949572284,5.602433125,5.56612103248026,4.72303424696587,-0.84308678551439
Dpp3,0.384536151,0.483562485,0.416140379,0.870630644,1.406748896,3.77842938,4.69859077443533,3.84609209367431,-0.85249868076102
Pdia5,5.112566698,4.810031728,4.701998097,3.308454077,2.752431763,4.374830834,4.41663710197417,3.55444150508542,-0.86219559688875
Cstf2,2.184289817,2.518044086,2.638555814,2.770721236,3.74210325,4.043370755,4.11945578430581,3.24809607112229,-0.87135971318352
Fbxo21,5.93946638,4.65649065,2.571235076,1.745495509,2.88441623,1.172596322,3.16287063679911,2.27482520877323,-0.88804542802588
Ncapg2,5.198690586,4.626170432,4.721028078,4.816200325,4.10595459,2.807707309,2.98844656564118,2.09410767440993,-0.89433889123125
Ddx54,1.199223175,1.285058891,0.940429889,4.682753061,6.169532214,5.242613938,3.2130548244185,2.31650492284918,-0.89654990156932
Agrp,0,0,0.36614929,2.804574025,1.667333555,3.074830794,1.61181448435074,0.707995599835944,-0.903818884514796
Pcgf2,0.042103716,0.047000576,0.111754482,0,0,0.211888139,1.63152806272958,0.72546284109305,-0.90606522163653
Fbxl5,6.858354058,6.604413864,6.739902095,6.260249648,4.318786816,3.732345186,4.59475753410867,3.67556755853474,-0.91918997557393
Ctps2,1.141184255,2.129484156,1.366621564,2.606053667,2.974549503,1.988313855,2.87597856739395,1.95661428755723,-0.91936427983672
Maf1,1.556208672,1.277568239,1.687204055,3.574028826,4.261372847,4.246795693,5.80892557386665,4.88395799218576,-0.92496758168089
Gins4,3.435661928,6.074231394,6.213594191,5.825783084,7.2002807,6.523381608,6.29675656120263,5.353115059386,-0.94364150181663
3110040N11Rik,3.788059224,3.850069292,3.987420923,3.80434273,4.081791251,4.357734969,4.06133554678278,3.09486098970912,-0.96647455707366
Ttc3,2.298549816,2.042069946,1.97116645,2.485292856,2.436231147,1.274404805,1.90734064625703,0.921769924984545,-0.985570721272485
Mex3a,0.262754255,0.215157952,0.239448147,0.387892976,0.14776386,0.033650361,1.11429372218702,0.124242232529067,-0.990051489657953
Hk1,0.045392364,0.258385051,0.358274719,1.127679498,1.796714029,4.250408333,0.990688436260973,0,-0.990688436260973
Cchcr1,0,0,0.06569252,2.963596193,2.636940094,2.938925593,1.63458397569415,0.629378070900947,-1.0052059047932
Syce2,7.479012239,8.02246214,8.472195304,7.728879664,4.842370459,4.81654851,5.97000692668076,4.95523374694754,-1.01477317973322
Fbxo30,6.073895193,5.285823868,3.765078528,3.394140936,4.657965775,3.015941742,4.0384713003874,3.01114852015009,-1.02732278023731
Sucla2,7.06929401,6.591706342,5.918324212,5.007285218,5.17769061,6.396156063,7.04857405972671,6.01457846492289,-1.03399559480382
Zkscan17,3.930160144,4.547141317,4.255523393,2.61446486,1.55442677,1.598312795,2.64260685215597,1.60223831665883,-1.04036853549714
Mtif2,2.90510247,2.920617251,2.174240215,3.032624563,2.611347098,2.834126658,4.18263668595271,3.10908469910186,-1.07355198685085
Magea8,0.019931447,0.082408571,0.033974213,0.754981541,0.278691346,0.658631946,4.44973963712861,3.37386532999513,-1.07587430713348
Brca1,3.664198369,3.721055429,2.591892407,2.133911992,2.361420274,2.285067771,2.76436738851123,1.68684113108432,-1.07752625742691
Gnpda1,0.398602109,0.898636356,0.806362006,3.17191775,4.199884317,5.024718599,6.94201006035585,5.84797185954862,-1.09403820080723
Nfatc2ip,1.029883951,1.098372392,1.303207939,3.010810267,3.00006492,3.565195017,3.45220268566702,2.34152469408479,-1.11067799158223
Hif1a,7.784667559,6.968851078,5.967938639,4.280303094,2.5816453,1.443251238,4.54183694426879,3.41752445429567,-1.12431248997312
Poldip2,2.582271771,2.701112079,2.409141074,2.263022383,2.27909683,3.633814793,5.27655249641147,4.13852780142227,-1.1380246949892
Ankrd27,3.314494969,4.72611732,4.211845475,3.223799393,1.87048309,1.171187608,2.92157914597603,1.76704878142653,-1.1545303645495
Pygb,0.996727143,1.543599813,1.17733103,1.794386752,0.539706745,1.396565053,3.62297719090787,2.45896201055635,-1.16401518035152
Elp3,3.163803019,5.110317302,4.577017866,1.892515374,1.469542188,4.344693593,5.05878404006375,3.88896724491549,-1.16981679514826
Impa2,2.370649748,2.303243016,1.930109037,3.742825446,3.880332889,3.512555596,4.57598994772182,3.40607265839152,-1.1699172893303
Alg13,5.873402277,5.847651219,6.062670046,6.116111032,5.763238929,7.018289214,6.18992139406436,5.00703399665106,-1.1828873974133
Frmd6,0.097119523,0.373085778,0.488481075,1.54296127,1.352272649,1.210314047,1.98543485176714,0.791884902103738,-1.1935499496634
Tfe3,6.156135675,5.778891907,4.419066905,3.932278542,2.71402786,2.742271435,3.39678285954906,2.15881849153536,-1.2379643680137
St6galnac2,0.394618403,0.735587162,0.680434187,1.082184815,1.743652833,2.297041709,3.20111000504691,1.94591478626391,-1.255195218783
Drg1,3.519982144,4.574803909,4.352680852,6.371018622,7.425190721,8.074783707,8.00652805571878,6.74495489773828,-1.2615731579805
Rfx2,2.303757373,3.002000352,3.081327696,2.340738857,1.982663257,0.773672315,2.76074469342309,1.49405201055281,-1.26669268287028
Cnpy2,0.666728419,2.51988656,1.507261854,1.370041493,0.877186693,3.444457697,6.43834109587879,5.15311624412839,-1.2852248517504
Gtpbp6,0.126964929,0.60004134,0.565293008,1.90945823,2.695274513,4.007204473,3.05011158593965,1.76033167305436,-1.28977991288529
Chpf,0.724273943,0.52297171,0.64232358,0.683302101,0.259262844,0.107348947,1.74663094127192,0.451626284452979,-1.29500465681894
BC052040,2.849919219,3.651143561,3.814775987,1.997483911,1.726495566,4.60221337,4.83795837497642,3.53074497464675,-1.30721340032967
Znrf3,1.036531466,1.078309242,1.010772679,1.735478852,3.415641051,2.063613384,2.05729429672119,0.744179182976942,-1.31311511374425
Socs6,6.079821818,5.46556967,5.769393564,5.153947167,3.295396839,2.487851607,3.99727433995868,2.67342074096035,-1.32385359899833
Tcf7l2,2.39881824,2.383607534,2.240686787,1.160165092,0.553111758,2.4304753,3.65233734179655,2.29123222843514,-1.36110511336141
Ufl1,5.120086471,4.897830938,3.923653132,1.319554352,0.827256467,1.965403825,4.39291498695167,3.00322622351482,-1.38968876343685
Ipo4,2.537122088,2.289400706,2.089576114,4.038137638,5.58219167,6.533195775,4.0663475604625,2.6756962660575,-1.390651294405
Dpp7,1.431141535,1.486379722,1.024830277,1.863022603,1.279043327,4.453043407,5.30055573605993,3.90317327536392,-1.39738246069601
Setx,3.514134888,3.377870591,3.048286763,4.056089251,4.697612597,4.125469266,3.95163441683292,2.55421554441161,-1.39741887242131
Atrx,6.175073439,5.38016492,4.880234919,4.816533151,4.63061515,5.018300343,4.64982811158348,3.22511448437388,-1.4247136272096
Ceacam10,3.412147413,3.849629034,3.217917772,2.276547286,1.099934764,1.392295439,5.9721871627363,4.53009571941609,-1.44209144332021
Grb14,0.101432513,0.113088891,0.069812547,0.068354243,0,1.249348248,1.73752669341038,0.290866699625002,-1.44665999378538
Fbxo6,0,0,0.241698652,5.321892027,5.00515293,7.019990958,6.71401191955819,5.25329724181313,-1.46071467774506
Zc3hav1,0.501150705,0.494089911,1.224762676,3.068952788,2.33841871,1.43583125,3.56473178673017,2.08926762663607,-1.4754641600941
Cyb5r1,0.349033442,0,0.169152793,0.841536019,2.497558719,3.118472692,6.43404936565007,4.93961212266535,-1.49443724298472
Bpnt1,0.688666473,2.30578379,1.859293748,2.459282095,3.117379211,4.543712395,4.76529074053881,3.2696077155276,-1.49568302501121
Dus3l,1.239477476,2.586483742,1.765360764,2.596765824,3.272932428,4.980468646,3.42306042889228,1.87490317266712,-1.54815725622516
Oas1g,0.340254613,0.574080189,0.210772867,0,0,0.071211567,2.88258044971044,1.33423073020463,-1.54834971950581
Jakmip1,2.818989589,3.384304052,3.078973537,1.520185866,1.639398886,3.038571384,2.24298046842749,0.693424062988064,-1.54955640543943
Fam118a,6.393623844,5.898530044,5.381335292,5.576373991,6.030554585,6.442709661,3.94915203109783,2.39597585168766,-1.55317617941017
Smc5,2.273486051,2.290884389,1.780583072,2.136936171,3.368979221,4.996049728,4.51421065015692,2.94105746888131,-1.57315318127561
Egfl7,0,0,0,0.357633075,1.128464983,1.073998417,4.93486085792839,3.35220060145199,-1.5826602564764
Pold1,0.432715732,0.333768336,0.189904241,0.751070322,1.559721843,4.13965776,3.54344639046565,1.94244694340416,-1.60099944706149
Ctnnal1,5.515816511,5.253936336,5.715083411,5.903513143,4.521509361,5.574537521,4.0160594516262,2.41301992284908,-1.60303952877712
Bckdhb,3.676199696,3.905389412,4.137593689,3.422562683,3.200063292,5.078708026,5.40541380463476,3.77791411879101,-1.62749968584375
Pmepa1,0,0,0.027825265,0,0,0,1.9042066113364,0.239207380576921,-1.66499923075948
Tex10,5.566903417,5.965756585,5.158300668,4.636763809,5.338909273,5.364950565,5.76217870155722,4.079395179282,-1.68278352227522
Ralgps2,5.455205552,5.295928689,5.248284347,5.174314529,3.59471574,3.275638833,3.20540971761981,1.50836272822942,-1.69704698939039
Txndc12,1.515495481,3.803061675,4.036072483,3.202643394,4.567070799,5.902322049,6.96132234959694,5.23393406374696,-1.72738828584998
Tbx15,0,0.271924019,0.059410105,0,0,0,1.79697976433059,0.0471111705242423,-1.74986859380635
Btk,4.251204023,4.648459691,3.666449845,3.152902153,1.659518173,1.575123509,1.91797015921712,0.163565712997738,-1.75440444621938
Topors,4.570371849,4.342234712,3.754139244,5.626027297,5.588831545,4.930264245,4.93250060467083,3.17072948033686,-1.76177112433397
Efhc2,4.942195435,5.304204364,3.848878284,2.088762379,0.591710051,0.275779458,2.57441641973809,0.797637249468688,-1.7767791702694
C77370,2.188926251,2.10233563,1.689129159,0.814831757,0.340950733,0.930883397,2.50642168290468,0.71348555311064,-1.79293612979404
Pus1,0.430315251,0.923108857,0.447080845,5.392715826,6.43794844,4.529389947,4.79602662613882,3.00219843405712,-1.7938281920817
Tmem135,3.824228141,4.112675115,3.711803236,2.137152644,1.449265542,1.082825193,3.69744023559111,1.81846611814187,-1.87897411744924
Chmp4c,0,0,0.052271478,0,0,3.952464037,4.86462198323854,2.95763977340292,-1.90698220983562
Ccdc22,0.065959368,0.536597042,0.171769189,0.538377248,0.497249571,2.637146506,2.92048005709756,1.00425687740249,-1.91622317969507
Usp9x,6.212664659,5.692058889,5.56495123,5.921693388,3.823627093,2.857501344,4.94634253392548,3.03008530664377,-1.91625722728171
Mcm6,5.610428409,5.965941241,5.067470932,6.395883682,7.352175878,7.684699536,7.4254341272076,5.50189449358083,-1.92353963362677
Fgd1,2.01992604,1.827957192,1.73428691,2.598558155,1.253928775,0.278479641,1.97271103216798,0.0415825153932521,-1.93112851677473
Nmral1,1.569238307,2.449413466,1.458565742,2.26697539,3.083689932,1.284762852,3.91343518228274,1.96450953338891,-1.94892564889383
Kdm5b,0.798679314,1.035659097,1.702271887,5.545600855,6.127515664,5.818791776,4.37632511652451,2.42346522491728,-1.95285989160723
Magea3,0.035464008,0.039896399,0.016305184,0.047518985,0,0.28130062,2.20839239979068,0.223599246086826,-1.98479315370385
Slc24a5,1.11e-06,0.000184183,0.603555848,0.00101298,5.68e-06,3.641927461,6.33893244209079,4.33028589710201,-2.00864654498878
Ly96,0.257541722,1.596071652,2.096255105,3.23223863,5.459834861,7.168742308,4.22064725097583,2.17542240324484,-2.04522484773099
Apoc2,0,0,0.331465607,4.645021417,5.437001301,3.81046367,4.83971273656417,2.77992574917139,-2.05978698739278
Pald1,0,0,0.068161324,0.97229857,1.095485639,2.142818577,2.10180805129148,0.0196297600970974,-2.08217829119438
Shmt2,5.367273205,5.073541777,5.284232792,4.302699235,3.220672013,3.564378169,4.92488374604627,2.83752954274477,-2.0873542033015
Aco1,1.792218178,3.639695233,3.099638582,1.915872688,1.499751511,1.625611832,4.46441995572807,2.34430869235677,-2.1201112633713
Paox,1.673529288,3.573035143,3.432191101,2.326991714,1.238420026,0.345819867,3.75803661854406,1.61071423392214,-2.14732238462192
Jak3,0,0,0.023266709,0.462935993,1.961412187,1.222761292,2.3505792803522,0.180336303278145,-2.17024297707406
Aarsd1,0.908287986,1.081741835,0.564857117,1.809961782,3.551700572,4.370024748,5.40348588278746,3.22620331203547,-2.17728257075199
A830080D01Rik,0.136180753,0.655041272,0.215703444,3.570438643,3.716606856,3.048189095,4.58840282987061,2.33958209982156,-2.24882073004905
Slc25a13,4.156210523,4.390880883,4.478499455,3.662023157,0.879610106,1.440271872,6.20310716660741,3.91495671485414,-2.28815045175327
Mtmr7,4.571209587,5.130510846,5.334435984,3.877783506,1.587518614,1.870814474,4.885847650131,2.55428186262639,-2.33156578750461
Fblim1,0,0.103409011,0.239685208,3.360715425,3.82767678,4.499271883,3.67508197942648,1.32170301690444,-2.35337896252204
Tmeff1,0.154745213,0.130846282,0.072189512,0.104691989,0,0.138518299,3.01561353126828,0.632625587295093,-2.38298794397319
Ezr,1.402220093,1.515712452,1.735790762,1.122772097,1.121254172,1.187096275,5.64337713549374,3.23607161145556,-2.40730552403818
Clec2i,0,0,0,0,0.204439995,0.314836873,2.70573687962041,0.289675140363486,-2.41606173925692
Cpxm1,0,0,0.036903751,0.180175874,0.603176006,0.72365816,3.50596712639948,1.07812475624394,-2.42784237015554
Ptpn6,2.547881635,3.014878354,2.286946186,1.661138468,1.651545425,3.276003772,3.8770472697266,1.43530321763121,-2.44174405209539
Sh3bp4,3.18687291,3.000216388,3.06521211,1.770063633,0.667829467,1.03430729,2.80163671540739,0.273968171578071,-2.52766854382932
Slc6a15,5.850039278,5.061776198,5.203353877,4.459202081,3.595408178,0.66383553,2.98503767359576,0.45136358427482,-2.53367408932094
E130012A19Rik,0.042450471,0.047388877,0.130605403,0.187776613,0.605597685,1.159448353,3.76295468411346,1.22882484598159,-2.53412983813187
Tat,0.401710189,0.696077523,1.096086398,0.589366571,0.554788237,2.589832984,5.10188955300621,2.51511949012419,-2.58677006288202
Pou5f1,6.367295923,6.539301522,6.678508592,5.68307321,3.568542918,7.751938989,7.2285397424888,4.62330502824754,-2.60523471424126
Phf6,5.642184581,5.551337592,5.53812839,4.191388936,1.964058482,2.713313098,4.66723362475551,1.98978208070444,-2.67745154405107
Uhrf1,6.989309341,6.831547937,5.821220391,3.776177701,2.96264156,2.099790046,6.12064224191953,3.43283116201704,-2.68781107990249
Mboat1,0,0.144092065,0.145929131,0.425830942,0.426688778,3.398868848,3.05150435720652,0.346508769045126,-2.70499558816139
Bhmt,0,0,0.086880758,1.960637737,5.631401175,8.409089636,7.5677279633048,4.84150522353975,-2.72622273976505
Ckb,2.849683073,5.360311597,4.827407493,6.413918977,6.831522603,8.960456686,9.75954202800836,7.00173469915024,-2.75780732885812
Zfp1,1.055986906,0.757518288,0.657512878,4.484499082,4.55152217,3.864691309,4.21985775101422,1.40988510184298,-2.80997264917124
Apoe,1.221864711,1.835459266,1.825940266,3.979092458,4.180879846,4.238572885,7.92193612206081,4.98879373676397,-2.93314238529684
Ccbl2,1.50658671,3.302602736,2.475435135,3.854344805,4.516929153,3.283515865,5.03448425845066,1.92569566130889,-3.10878859714177
Otx2,0,0,0.23353225,0.335388354,0,0.931107377,3.18979768102341,0,-3.18979768102341
Xrcc5,2.988284766,3.651602825,3.034162881,2.093830572,1.375617784,2.256627257,6.01299989799469,2.74644176468561,-3.26655813330908
Mboat2,5.569117367,4.719632501,3.799398198,3.349172754,3.281459388,6.075425666,4.74067396036838,1.43698265173032,-3.30369130863806
Dpp4,0.102169917,0.038821598,0.02343904,0.050888222,0,0.82521332,3.49584863265675,0.171423343552028,-3.32442528910472
Lgals9,1.114620224,1.309205297,1.865847569,1.461748562,2.281760555,3.804776378,5.45749579757128,1.95847151623916,-3.49902428133212
Nanog,0,0,0.119381412,0.668897915,2.56964906,4.871380414,8.0766606325945,4.56190651960738,-3.51475411298712
Popdc3,0.953706269,1.124592825,1.335746205,1.100903661,0.603953625,1.002486505,4.48920251604382,0.967190007965303,-3.52201250807852
Ppap2a,4.426103701,5.077298552,4.612989362,4.698690778,4.264596479,4.75305358,5.72524763332029,2.11979439757893,-3.60545323574136
Rnf130,2.445530729,1.212438603,1.066991562,1.082954596,2.152777252,2.384831746,4.41168384684149,0.725029993219797,-3.68665385362169
Zfp534,4.139002819,4.374705661,4.439490164,4.690925469,3.978689869,4.536195919,4.5942200840686,0.818914352122956,-3.77530573194564
1700019D03Rik,4.311619363,3.85715494,3.326054068,2.946998417,1.554952242,0.861932344,5.20339694854612,1.34907081998713,-3.85432612855899
Fn1,1.240741731,1.410845797,1.365121392,0.889903367,0.379230572,0.81739077,4.69512526303242,0.39309544387913,-4.30202981915329
Utf1,0.097747914,0,0.59633791,3.547610229,3.18555102,4.04843674,7.5194711393305,2.55162429259566,-4.96784684673484
Spic,0.248068435,0.577476685,1.845546252,7.028558102,9.67844345,8.602943778,7.32887235886264,1.85304950373257,-5.47582285513007
Etv5,0.741919948,1.000317358,1.10717229,3.376351513,3.164070223,3.000245237,5.63578340737858,0.14788496354955,-5.48789844382903
Tdh,0.156907845,0.378750203,0.485276367,3.998430215,4.277813696,5.329920089,6.74453786969855,0,-6.74453786969855
Tdgf1,0,0,0.345153351,1.225984379,4.784975033,5.773864494,9.13903199103063,0.134558076928588,-9.00447391410204
